Row,energy,lipid,pro_syn,nucl_acid,ECM
ENSG00000000419,0,0,0,0,1
ENSG00000001036,0,0,0,0,0
ENSG00000001084,0,0,0,0,0
ENSG00000001630,0,1,0,0,0
ENSG00000002549,0,0,1,1,1
ENSG00000002587,0,0,0,0,1
ENSG00000002726,0,0,0,0,0
ENSG00000002746,0,0,0,0,0
ENSG00000003137,0,0,0,0,0
ENSG00000003987,0,0,0,0,0
ENSG00000003989,0,1,1,1,1
ENSG00000004455,0,0,1,1,1
ENSG00000004468,0,0,0,0,0
ENSG00000004478,0,0,0,0,0
ENSG00000004779,1,0,0,0,0
ENSG00000004799,0,0,0,0,0
ENSG00000004809,0,0,0,0,0
ENSG00000004864,0,0,0,1,1
ENSG00000004939,0,0,0,0,0
ENSG00000004961,0,0,0,0,0
ENSG00000005022,1,0,0,0,0
ENSG00000005075,0,0,0,1,0
ENSG00000005187,0,0,0,0,0
ENSG00000005339,0,0,0,0,0
ENSG00000005381,0,0,0,0,0
ENSG00000005421,0,0,0,0,0
ENSG00000005469,0,0,0,0,0
ENSG00000005471,0,0,0,0,0
ENSG00000005810,0,0,0,0,0
ENSG00000005882,0,0,0,0,0
ENSG00000006007,0,0,0,0,0
ENSG00000006071,0,0,0,0,0
ENSG00000006530,0,0,0,0,0
ENSG00000006534,0,0,0,0,0
ENSG00000006625,0,0,0,0,0
ENSG00000006695,0,0,0,0,0
ENSG00000006756,0,0,0,0,0
ENSG00000006757,0,0,0,0,0
ENSG00000007001,0,0,0,0,0
ENSG00000007168,0,0,0,0,0
ENSG00000007171,0,0,0,0,0
ENSG00000007216,0,0,0,0,0
ENSG00000007314,0,0,0,0,0
ENSG00000007350,0,1,0,1,0
ENSG00000007541,0,0,0,0,0
ENSG00000007933,0,0,0,0,0
ENSG00000007944,0,0,0,0,0
ENSG00000008130,0,0,0,0,0
ENSG00000008311,0,0,0,1,1
ENSG00000008394,0,0,0,0,0
ENSG00000008438,0,0,0,0,0
ENSG00000008513,0,0,0,0,0
ENSG00000009335,0,0,0,0,0
ENSG00000009413,0,0,0,1,0
ENSG00000009830,0,0,0,0,0
ENSG00000010256,1,0,0,0,0
ENSG00000010379,0,0,0,0,0
ENSG00000010404,0,0,0,0,0
ENSG00000010932,0,0,0,0,0
ENSG00000011009,0,0,0,0,0
ENSG00000011083,0,0,0,0,0
ENSG00000011198,0,1,0,0,0
ENSG00000011275,0,0,0,0,0
ENSG00000011405,0,0,0,0,0
ENSG00000012232,0,0,0,0,1
ENSG00000012660,0,1,0,0,0
ENSG00000012779,0,0,0,0,0
ENSG00000012963,0,0,0,0,0
ENSG00000013288,0,0,0,0,0
ENSG00000013306,0,0,0,0,0
ENSG00000013375,0,0,0,0,1
ENSG00000013392,0,0,0,0,0
ENSG00000013503,0,0,0,1,0
ENSG00000013561,0,0,0,0,0
ENSG00000014138,0,0,0,1,0
ENSG00000014257,0,0,0,0,0
ENSG00000014641,0,0,1,1,0
ENSG00000015413,0,0,0,0,0
ENSG00000015520,0,0,0,0,0
ENSG00000015532,0,0,0,0,1
ENSG00000016391,1,1,1,1,1
ENSG00000016864,0,0,0,0,0
ENSG00000017260,0,0,0,0,0
ENSG00000017483,0,0,0,1,1
ENSG00000017797,0,0,0,0,0
ENSG00000018280,0,0,0,0,0
ENSG00000018510,0,0,0,0,0
ENSG00000018625,0,0,0,0,0
ENSG00000019186,0,0,0,0,0
ENSG00000021461,0,0,0,0,0
ENSG00000021488,0,0,0,0,0
ENSG00000021826,0,0,0,0,0
ENSG00000023041,0,0,0,0,0
ENSG00000023228,1,0,0,0,0
ENSG00000023330,0,0,0,0,0
ENSG00000023572,0,0,0,0,0
ENSG00000023697,0,0,0,0,0
ENSG00000023839,0,0,0,0,0
ENSG00000023909,0,0,0,0,0
ENSG00000024048,0,0,0,0,0
ENSG00000025423,0,0,0,0,0
ENSG00000025708,0,0,0,0,0
ENSG00000025800,0,0,0,0,1
ENSG00000026652,0,1,0,0,0
ENSG00000027847,0,0,0,0,1
ENSG00000030066,0,0,0,1,0
ENSG00000031698,0,0,1,0,0
ENSG00000032444,0,0,0,0,0
ENSG00000033011,0,0,0,0,1
ENSG00000033100,0,0,0,0,1
ENSG00000033170,0,0,0,0,1
ENSG00000033178,0,0,0,0,0
ENSG00000033627,0,0,0,0,0
ENSG00000033867,1,0,0,0,0
ENSG00000034677,0,0,0,0,0
ENSG00000035687,0,0,0,1,0
ENSG00000036473,0,0,0,0,0
ENSG00000036530,0,0,0,0,0
ENSG00000036565,0,0,0,0,0
ENSG00000036672,0,0,0,0,0
ENSG00000037757,0,0,0,0,0
ENSG00000037897,0,0,0,0,0
ENSG00000038002,0,0,0,0,0
ENSG00000038210,0,0,0,0,0
ENSG00000038274,0,1,0,1,0
ENSG00000039123,0,0,0,0,0
ENSG00000039650,0,0,0,0,0
ENSG00000040933,0,0,0,0,0
ENSG00000041880,0,0,0,0,0
ENSG00000043514,0,0,0,0,0
ENSG00000044446,0,0,0,0,0
ENSG00000047230,0,0,0,1,0
ENSG00000047249,0,0,0,0,0
ENSG00000047315,0,0,0,1,0
ENSG00000047410,0,0,0,1,0
ENSG00000047457,0,0,0,0,0
ENSG00000048028,0,0,0,0,0
ENSG00000048392,0,0,0,1,0
ENSG00000049239,0,1,0,0,0
ENSG00000049759,0,0,0,0,0
ENSG00000049860,0,0,0,0,0
ENSG00000050438,0,0,0,0,0
ENSG00000051341,0,0,0,1,0
ENSG00000051382,0,0,0,0,0
ENSG00000052802,0,0,0,0,0
ENSG00000053371,0,0,0,0,0
ENSG00000054148,0,0,0,0,0
ENSG00000054179,0,0,0,0,0
ENSG00000054267,0,0,0,0,0
ENSG00000054392,0,0,0,0,0
ENSG00000054983,0,0,0,0,0
ENSG00000055483,0,0,0,0,0
ENSG00000055609,0,0,0,0,0
ENSG00000056998,0,0,0,0,0
ENSG00000057252,0,1,0,0,0
ENSG00000058056,0,0,0,0,0
ENSG00000058600,0,0,0,1,0
ENSG00000058668,0,0,0,0,0
ENSG00000058804,0,0,0,1,0
ENSG00000058866,0,0,0,0,0
ENSG00000059377,0,0,0,0,0
ENSG00000059378,0,0,0,0,0
ENSG00000059573,0,0,0,0,0
ENSG00000059804,0,1,0,1,1
ENSG00000060642,0,0,0,0,0
ENSG00000060762,0,1,0,0,0
ENSG00000060971,0,0,0,1,1
ENSG00000060982,0,0,1,1,0
ENSG00000061918,0,0,0,0,0
ENSG00000062282,0,0,0,0,0
ENSG00000062485,1,0,0,0,0
ENSG00000062822,0,0,0,1,0
ENSG00000063176,0,0,0,0,0
ENSG00000063601,0,0,0,0,0
ENSG00000063854,0,0,0,0,0
ENSG00000064225,0,0,0,0,0
ENSG00000064270,0,0,0,0,0
ENSG00000064601,0,0,0,0,0
ENSG00000064651,0,0,0,0,0
ENSG00000064763,0,0,0,0,0
ENSG00000065154,0,0,1,0,1
ENSG00000065357,0,0,0,0,0
ENSG00000065427,0,0,1,0,0
ENSG00000065485,0,0,0,0,0
ENSG00000065518,1,0,0,0,0
ENSG00000065534,0,0,0,0,0
ENSG00000065615,0,0,0,0,0
ENSG00000065621,0,0,0,0,0
ENSG00000065833,0,0,0,0,0
ENSG00000065911,0,0,0,1,0
ENSG00000065923,0,0,0,0,0
ENSG00000065989,0,0,0,0,0
ENSG00000066230,0,0,0,0,0
ENSG00000066322,0,1,0,0,0
ENSG00000066379,0,0,0,1,0
ENSG00000066651,0,0,0,0,0
ENSG00000066813,0,0,0,0,0
ENSG00000066926,0,0,0,0,0
ENSG00000067057,1,0,0,0,0
ENSG00000067064,0,1,0,0,0
ENSG00000067113,0,1,0,0,0
ENSG00000067177,0,0,0,0,0
ENSG00000067225,1,0,0,0,0
ENSG00000067829,1,0,0,0,0
ENSG00000067840,0,0,0,0,0
ENSG00000067842,0,0,0,0,0
ENSG00000067992,0,0,0,0,0
ENSG00000068001,0,0,0,0,0
ENSG00000068120,0,0,0,0,0
ENSG00000068308,0,0,0,0,0
ENSG00000068366,0,1,0,0,1
ENSG00000068383,0,0,0,0,0
ENSG00000068650,0,0,0,0,0
ENSG00000068654,0,0,0,1,0
ENSG00000068745,0,0,0,0,0
ENSG00000068903,0,0,0,0,0
ENSG00000068976,0,0,0,0,0
ENSG00000069248,0,0,0,1,0
ENSG00000069431,0,0,0,0,0
ENSG00000069535,0,0,0,0,0
ENSG00000069764,0,0,0,0,0
ENSG00000069849,0,0,0,0,0
ENSG00000069869,0,0,0,0,0
ENSG00000069943,0,0,0,0,0
ENSG00000070019,0,0,0,0,0
ENSG00000070214,0,0,0,0,0
ENSG00000070423,0,0,0,0,0
ENSG00000070501,0,0,0,1,0
ENSG00000070526,0,0,0,0,0
ENSG00000070610,0,0,0,0,0
ENSG00000070614,0,0,0,0,1
ENSG00000070669,0,0,1,0,1
ENSG00000070731,0,0,0,0,0
ENSG00000070748,0,0,0,0,0
ENSG00000070915,0,0,0,0,0
ENSG00000070950,0,0,0,0,0
ENSG00000070961,0,0,0,0,0
ENSG00000071073,0,0,0,0,1
ENSG00000071553,0,0,0,0,0
ENSG00000071794,0,0,0,0,0
ENSG00000071967,0,0,0,0,0
ENSG00000072041,0,0,0,0,0
ENSG00000072042,0,0,0,0,0
ENSG00000072210,0,0,0,1,1
ENSG00000072274,0,0,0,0,0
ENSG00000072401,0,0,0,0,0
ENSG00000072506,0,0,1,0,1
ENSG00000072609,0,0,0,0,0
ENSG00000072657,0,0,0,0,0
ENSG00000072682,0,0,0,0,0
ENSG00000072756,0,0,0,0,0
ENSG00000072778,0,0,0,0,0
ENSG00000073060,0,0,0,0,0
ENSG00000073417,0,0,0,0,0
ENSG00000073578,1,0,0,0,0
ENSG00000073734,0,0,0,0,0
ENSG00000073737,0,0,0,0,0
ENSG00000073756,0,0,0,0,0
ENSG00000073849,0,0,0,0,1
ENSG00000074370,0,0,0,0,0
ENSG00000074410,0,0,0,0,0
ENSG00000074416,0,0,0,0,0
ENSG00000074621,0,0,0,1,1
ENSG00000074696,0,1,0,0,0
ENSG00000074800,1,0,0,0,0
ENSG00000074803,0,0,0,0,0
ENSG00000075188,0,0,0,1,0
ENSG00000075239,0,0,0,0,1
ENSG00000075303,0,0,0,0,0
ENSG00000075415,1,0,0,0,0
ENSG00000075651,0,0,0,0,0
ENSG00000075673,0,0,0,0,0
ENSG00000075975,0,0,0,0,0
ENSG00000076258,0,0,0,0,0
ENSG00000076351,0,0,0,0,0
ENSG00000076555,0,0,0,0,0
ENSG00000076685,0,0,0,0,0
ENSG00000077009,0,0,0,0,0
ENSG00000077044,0,0,0,0,0
ENSG00000077152,0,0,0,0,0
ENSG00000077254,0,0,0,0,0
ENSG00000077463,0,0,0,0,0
ENSG00000077498,0,0,0,0,0
ENSG00000077514,0,0,0,1,0
ENSG00000077721,0,0,0,0,0
ENSG00000077800,0,0,0,0,0
ENSG00000078070,0,1,0,0,0
ENSG00000078124,0,0,0,0,0
ENSG00000078140,0,0,0,0,0
ENSG00000078142,0,0,0,0,0
ENSG00000078237,0,0,0,0,0
ENSG00000078269,0,0,0,0,0
ENSG00000078295,0,0,0,0,0
ENSG00000078747,0,0,0,0,0
ENSG00000078967,0,0,0,0,0
ENSG00000079150,0,0,0,0,0
ENSG00000079215,0,0,0,0,0
ENSG00000079435,0,0,0,0,0
ENSG00000079459,0,1,0,0,0
ENSG00000079462,0,0,0,0,0
ENSG00000079739,0,0,0,0,1
ENSG00000079805,0,0,0,0,0
ENSG00000080166,0,0,0,0,0
ENSG00000080493,1,0,0,0,0
ENSG00000080511,0,0,0,0,0
ENSG00000080802,0,0,0,0,0
ENSG00000080819,0,0,0,0,0
ENSG00000081181,0,0,1,0,0
ENSG00000081479,0,0,0,0,0
ENSG00000081760,0,1,0,0,0
ENSG00000081800,0,0,0,0,0
ENSG00000081923,0,0,0,0,0
ENSG00000082212,0,0,0,0,1
ENSG00000082996,0,0,0,0,0
ENSG00000083123,0,1,1,0,1
ENSG00000083168,0,0,0,0,0
ENSG00000083223,0,0,0,1,0
ENSG00000083444,0,0,0,0,0
ENSG00000083720,0,0,0,0,0
ENSG00000083799,0,0,0,0,0
ENSG00000083807,0,0,0,0,0
ENSG00000084072,0,0,0,0,0
ENSG00000084073,0,0,0,0,0
ENSG00000084090,0,0,0,0,0
ENSG00000084110,0,0,0,1,0
ENSG00000084207,0,0,0,0,0
ENSG00000084453,0,0,0,0,0
ENSG00000084674,0,0,0,0,0
ENSG00000084676,0,0,0,0,0
ENSG00000084754,0,0,1,0,1
ENSG00000084774,0,0,0,1,0
ENSG00000085231,0,0,1,1,1
ENSG00000085377,0,0,0,0,0
ENSG00000085382,0,0,0,0,0
ENSG00000085415,0,0,0,1,0
ENSG00000085563,0,0,0,0,0
ENSG00000085662,0,0,0,0,0
ENSG00000085871,0,0,0,0,0
ENSG00000085982,0,0,0,0,0
ENSG00000085998,0,0,0,0,0
ENSG00000086062,0,0,0,0,1
ENSG00000086159,0,0,0,0,0
ENSG00000086475,0,0,0,0,0
ENSG00000086544,0,0,0,0,0
ENSG00000086696,0,0,0,0,0
ENSG00000086758,0,0,0,0,0
ENSG00000086848,0,0,0,0,1
ENSG00000087008,0,0,0,0,0
ENSG00000087053,0,0,0,0,0
ENSG00000087076,0,0,0,0,0
ENSG00000087085,0,0,0,0,0
ENSG00000087111,0,0,0,0,0
ENSG00000087157,0,1,0,0,0
ENSG00000087253,0,0,0,0,0
ENSG00000087299,0,0,0,0,0
ENSG00000087470,0,0,0,0,0
ENSG00000088002,0,0,0,0,0
ENSG00000088035,0,0,0,0,1
ENSG00000088305,0,0,0,0,0
ENSG00000088386,0,0,1,0,0
ENSG00000088451,0,0,0,0,0
ENSG00000088766,0,1,0,0,0
ENSG00000088826,0,0,0,0,0
ENSG00000088832,0,0,0,0,0
ENSG00000089057,0,0,0,0,0
ENSG00000089060,0,0,0,0,0
ENSG00000089234,0,0,0,0,0
ENSG00000089250,0,0,0,0,0
ENSG00000089472,0,0,0,0,0
ENSG00000089597,0,0,0,0,0
ENSG00000090013,0,0,0,0,0
ENSG00000090020,0,0,0,0,0
ENSG00000090054,0,0,0,0,0
ENSG00000090060,0,0,0,1,0
ENSG00000090266,1,0,0,0,0
ENSG00000090402,0,0,0,0,0
ENSG00000090432,0,0,0,0,0
ENSG00000090661,0,0,0,0,0
ENSG00000090686,0,0,0,0,0
ENSG00000090857,0,0,0,0,0
ENSG00000090861,0,0,1,0,0
ENSG00000090971,0,0,0,0,0
ENSG00000091137,0,0,0,0,0
ENSG00000091138,0,0,0,0,1
ENSG00000091140,1,0,0,0,0
ENSG00000091483,1,0,0,0,0
ENSG00000091664,0,0,0,0,0
ENSG00000091704,0,0,0,0,0
ENSG00000092009,0,0,0,0,0
ENSG00000092068,0,1,1,1,1
ENSG00000092098,0,0,0,0,0
ENSG00000092148,0,0,0,0,0
ENSG00000092295,0,0,0,0,0
ENSG00000092529,0,0,0,0,0
ENSG00000092621,0,0,0,1,1
ENSG00000092964,0,0,0,0,0
ENSG00000093000,0,0,0,1,0
ENSG00000093010,0,0,0,0,0
ENSG00000093072,0,0,0,0,0
ENSG00000093217,0,0,0,0,0
ENSG00000094841,0,0,0,0,0
ENSG00000094914,0,0,0,1,0
ENSG00000094963,0,0,0,0,0
ENSG00000095059,0,0,0,0,0
ENSG00000095139,0,0,0,0,0
ENSG00000095303,0,0,0,0,0
ENSG00000095319,0,0,0,1,0
ENSG00000095321,0,1,0,0,1
ENSG00000095380,0,0,0,0,0
ENSG00000095464,0,0,0,0,0
ENSG00000095596,0,0,0,0,0
ENSG00000095917,0,0,0,0,0
ENSG00000096006,1,1,0,1,1
ENSG00000096060,0,0,0,0,0
ENSG00000096717,0,0,0,0,0
ENSG00000097021,0,0,0,0,0
ENSG00000097033,0,0,0,0,0
ENSG00000099194,0,1,0,0,0
ENSG00000099377,0,0,0,0,0
ENSG00000099381,0,0,0,0,0
ENSG00000099624,1,0,0,0,0
ENSG00000099785,0,0,0,0,0
ENSG00000099795,1,0,0,0,0
ENSG00000099797,0,1,0,0,0
ENSG00000099804,0,0,0,0,0
ENSG00000099810,0,0,0,0,0
ENSG00000099817,0,0,0,1,0
ENSG00000099821,0,0,0,1,0
ENSG00000099904,0,0,0,0,0
ENSG00000099998,0,0,1,1,1
ENSG00000100023,0,0,0,0,0
ENSG00000100024,0,0,0,0,0
ENSG00000100031,0,0,1,1,1
ENSG00000100033,1,1,1,1,1
ENSG00000100075,0,0,1,1,1
ENSG00000100077,0,0,0,0,0
ENSG00000100078,0,0,0,0,0
ENSG00000100092,0,0,0,0,0
ENSG00000100116,0,0,0,0,0
ENSG00000100121,0,0,1,1,1
ENSG00000100142,0,0,0,1,0
ENSG00000100156,0,0,0,1,1
ENSG00000100170,0,0,0,0,0
ENSG00000100197,0,0,0,0,0
ENSG00000100243,0,0,0,0,0
ENSG00000100253,0,0,0,0,0
ENSG00000100288,0,1,0,0,0
ENSG00000100292,0,0,0,0,0
ENSG00000100294,0,1,0,0,0
ENSG00000100299,0,0,0,0,0
ENSG00000100344,0,0,0,0,0
ENSG00000100348,0,0,0,1,0
ENSG00000100354,0,0,0,1,0
ENSG00000100372,0,0,0,0,0
ENSG00000100393,0,0,0,0,0
ENSG00000100412,0,0,0,0,0
ENSG00000100413,0,0,0,1,1
ENSG00000100416,0,0,0,0,0
ENSG00000100417,0,0,0,0,1
ENSG00000100422,0,0,0,0,0
ENSG00000100442,0,0,0,0,0
ENSG00000100448,0,0,0,0,0
ENSG00000100479,0,0,0,1,0
ENSG00000100504,0,0,0,0,0
ENSG00000100522,0,0,0,0,1
ENSG00000100554,0,0,0,0,0
ENSG00000100564,0,0,0,0,0
ENSG00000100577,0,0,0,0,0
ENSG00000100596,0,0,0,0,0
ENSG00000100600,0,0,0,0,0
ENSG00000100605,0,0,0,0,0
ENSG00000100626,0,0,0,0,1
ENSG00000100644,0,0,0,0,0
ENSG00000100652,0,0,0,0,0
ENSG00000100678,0,0,0,0,0
ENSG00000100714,0,0,0,1,0
ENSG00000100814,0,0,0,0,0
ENSG00000100865,0,0,0,0,0
ENSG00000100867,0,0,0,0,0
ENSG00000100889,0,0,0,0,1
ENSG00000100938,0,0,0,0,0
ENSG00000100983,0,0,0,0,0
ENSG00000100994,0,0,0,0,0
ENSG00000100997,0,0,0,0,0
ENSG00000101146,0,0,0,1,0
ENSG00000101160,0,0,0,0,0
ENSG00000101187,0,0,0,0,0
ENSG00000101210,0,0,0,0,0
ENSG00000101276,0,0,0,0,0
ENSG00000101290,0,1,0,0,0
ENSG00000101306,0,0,0,0,0
ENSG00000101323,0,0,0,0,0
ENSG00000101333,0,0,0,0,0
ENSG00000101365,1,0,0,0,0
ENSG00000101438,0,0,0,0,0
ENSG00000101444,0,1,0,1,0
ENSG00000101464,0,0,0,0,0
ENSG00000101473,0,0,0,0,0
ENSG00000101557,0,0,0,0,0
ENSG00000101577,0,1,0,0,0
ENSG00000101638,0,0,0,0,0
ENSG00000101654,0,0,0,0,0
ENSG00000101670,0,0,0,0,0
ENSG00000101695,0,0,0,0,0
ENSG00000101751,0,0,0,1,0
ENSG00000101752,0,0,0,0,0
ENSG00000101846,0,0,0,0,0
ENSG00000101868,0,0,0,1,0
ENSG00000101871,0,0,0,0,0
ENSG00000101890,0,0,0,0,0
ENSG00000101892,0,0,0,0,0
ENSG00000101901,0,0,0,0,1
ENSG00000101911,0,0,0,1,0
ENSG00000101945,0,0,0,0,0
ENSG00000101974,0,0,0,0,0
ENSG00000101986,0,0,0,0,0
ENSG00000102030,0,0,0,0,0
ENSG00000102032,0,0,0,0,0
ENSG00000102043,0,0,0,0,0
ENSG00000102078,1,0,0,0,0
ENSG00000102100,0,0,0,0,1
ENSG00000102125,0,0,0,0,0
ENSG00000102144,1,1,0,1,1
ENSG00000102172,0,0,0,0,0
ENSG00000102226,0,0,0,0,0
ENSG00000102230,0,1,0,0,0
ENSG00000102309,0,0,0,0,0
ENSG00000102312,0,0,0,0,0
ENSG00000102383,0,0,0,0,0
ENSG00000102393,0,0,0,0,0
ENSG00000102452,0,0,0,0,0
ENSG00000102575,0,0,0,0,0
ENSG00000102595,0,0,0,0,0
ENSG00000102699,0,0,0,0,0
ENSG00000102743,0,0,1,0,1
ENSG00000102780,0,0,0,0,0
ENSG00000102794,0,0,0,0,0
ENSG00000102858,0,0,0,0,0
ENSG00000102893,0,0,0,0,0
ENSG00000102900,0,0,0,1,0
ENSG00000102967,1,1,1,1,1
ENSG00000102978,0,0,0,1,0
ENSG00000103024,0,0,0,1,1
ENSG00000103044,0,0,0,0,0
ENSG00000103056,0,0,0,0,0
ENSG00000103064,0,0,0,0,0
ENSG00000103066,0,0,0,0,0
ENSG00000103150,0,0,0,0,0
ENSG00000103174,0,0,0,0,0
ENSG00000103194,0,0,0,0,0
ENSG00000103202,0,0,0,1,1
ENSG00000103222,0,0,0,0,0
ENSG00000103253,0,0,0,0,0
ENSG00000103257,0,1,1,1,1
ENSG00000103266,0,0,0,0,0
ENSG00000103275,0,0,0,0,0
ENSG00000103375,1,0,0,0,0
ENSG00000103404,0,0,0,0,0
ENSG00000103415,0,0,0,0,0
ENSG00000103485,0,0,0,0,0
ENSG00000103489,0,0,0,0,1
ENSG00000103502,0,1,0,0,0
ENSG00000103507,0,0,0,0,0
ENSG00000103510,0,0,0,0,0
ENSG00000103546,0,0,0,0,0
ENSG00000103549,0,0,0,0,0
ENSG00000103569,0,0,1,0,0
ENSG00000103657,0,0,0,0,0
ENSG00000103707,0,0,0,0,0
ENSG00000103740,0,1,0,0,1
ENSG00000103811,0,0,0,0,0
ENSG00000103876,0,0,0,0,0
ENSG00000104044,0,0,0,0,0
ENSG00000104055,0,0,0,0,0
ENSG00000104219,0,0,0,0,0
ENSG00000104267,0,1,0,0,0
ENSG00000104325,0,0,0,0,0
ENSG00000104331,0,0,0,0,1
ENSG00000104343,0,0,0,0,0
ENSG00000104517,0,0,0,0,0
ENSG00000104522,0,0,0,0,1
ENSG00000104524,0,0,1,0,1
ENSG00000104549,0,1,0,0,0
ENSG00000104635,0,0,0,0,0
ENSG00000104687,0,0,0,0,0
ENSG00000104723,0,0,0,0,1
ENSG00000104763,0,0,0,0,0
ENSG00000104774,0,0,0,0,0
ENSG00000104808,0,0,0,0,0
ENSG00000104812,0,0,0,0,0
ENSG00000104823,0,0,0,0,0
ENSG00000104879,0,0,0,0,0
ENSG00000104885,0,0,0,0,0
ENSG00000104888,0,0,0,0,1
ENSG00000104907,0,0,0,0,0
ENSG00000104951,0,0,0,0,0
ENSG00000105143,0,0,0,0,0
ENSG00000105220,1,0,0,1,1
ENSG00000105254,0,0,0,0,0
ENSG00000105258,0,0,0,1,0
ENSG00000105281,0,0,0,0,0
ENSG00000105355,0,0,0,0,0
ENSG00000105379,1,1,1,1,1
ENSG00000105398,0,0,0,0,0
ENSG00000105409,0,0,0,0,0
ENSG00000105499,0,0,0,0,0
ENSG00000105509,0,0,0,0,0
ENSG00000105516,0,0,0,0,0
ENSG00000105520,0,1,0,0,0
ENSG00000105552,0,1,0,0,0
ENSG00000105607,0,0,0,0,1
ENSG00000105641,0,0,0,0,0
ENSG00000105647,0,0,0,0,0
ENSG00000105650,0,0,0,0,0
ENSG00000105655,0,0,0,0,0
ENSG00000105669,0,0,0,0,0
ENSG00000105675,0,0,0,0,0
ENSG00000105679,1,0,0,0,0
ENSG00000105701,0,0,0,0,0
ENSG00000105835,0,0,0,0,0
ENSG00000105851,0,0,0,0,0
ENSG00000105852,0,0,0,0,0
ENSG00000105854,0,0,0,0,0
ENSG00000105879,0,0,0,0,0
ENSG00000105929,0,0,0,0,0
ENSG00000105939,0,0,0,0,0
ENSG00000105953,1,0,0,0,0
ENSG00000106049,0,0,1,0,0
ENSG00000106080,0,0,0,0,0
ENSG00000106105,0,0,1,0,0
ENSG00000106258,0,0,0,0,0
ENSG00000106302,0,0,0,0,0
ENSG00000106304,0,0,0,0,0
ENSG00000106346,0,0,0,0,0
ENSG00000106348,0,0,0,1,0
ENSG00000106384,0,0,0,0,0
ENSG00000106392,0,0,0,0,1
ENSG00000106397,0,0,0,0,0
ENSG00000106459,0,0,0,0,0
ENSG00000106462,0,0,0,0,0
ENSG00000106605,0,0,0,0,0
ENSG00000106628,0,0,0,1,0
ENSG00000106633,0,0,0,1,1
ENSG00000106636,0,0,0,0,0
ENSG00000106688,0,0,0,0,0
ENSG00000106733,0,0,0,0,0
ENSG00000106853,0,0,0,0,0
ENSG00000106976,0,0,0,0,0
ENSG00000106992,0,0,1,1,1
ENSG00000107159,0,0,0,0,0
ENSG00000107165,0,0,0,0,0
ENSG00000107242,0,0,0,0,0
ENSG00000107317,0,0,0,0,0
ENSG00000107341,0,0,0,0,0
ENSG00000107537,0,0,0,0,0
ENSG00000107611,0,0,0,0,0
ENSG00000107614,0,0,0,0,0
ENSG00000107669,0,0,0,0,0
ENSG00000107789,0,0,0,0,0
ENSG00000107798,0,1,0,0,0
ENSG00000107819,0,0,0,0,0
ENSG00000107854,0,0,0,0,0
ENSG00000107902,0,1,1,1,1
ENSG00000107951,0,0,0,1,0
ENSG00000107954,0,0,0,0,0
ENSG00000108106,0,0,0,0,0
ENSG00000108179,0,0,0,0,0
ENSG00000108242,0,0,0,0,0
ENSG00000108381,0,0,0,0,0
ENSG00000108439,0,0,0,0,0
ENSG00000108474,0,0,0,0,0
ENSG00000108479,0,0,0,0,0
ENSG00000108515,1,0,0,0,0
ENSG00000108523,0,0,0,0,0
ENSG00000108528,0,0,0,0,0
ENSG00000108559,0,0,0,1,0
ENSG00000108576,0,0,0,0,0
ENSG00000108602,0,0,0,0,0
ENSG00000108773,0,0,0,0,0
ENSG00000108784,0,0,0,0,0
ENSG00000108786,0,0,0,0,0
ENSG00000108799,0,0,0,0,0
ENSG00000108839,0,0,0,0,0
ENSG00000108846,0,0,0,0,0
ENSG00000108854,0,0,0,0,0
ENSG00000108932,0,0,0,1,1
ENSG00000109065,0,0,0,0,0
ENSG00000109107,1,0,0,0,0
ENSG00000109181,0,0,0,0,0
ENSG00000109189,0,0,0,0,0
ENSG00000109193,0,0,0,0,0
ENSG00000109323,0,0,0,0,0
ENSG00000109332,0,0,0,0,0
ENSG00000109390,1,0,0,0,0
ENSG00000109424,1,0,0,0,0
ENSG00000109452,0,0,0,0,0
ENSG00000109576,0,0,0,1,1
ENSG00000109586,0,0,0,0,1
ENSG00000109610,0,0,0,0,0
ENSG00000109667,0,1,0,1,1
ENSG00000109685,0,0,0,0,0
ENSG00000109743,0,0,0,0,0
ENSG00000109814,0,0,0,0,1
ENSG00000109854,0,0,0,0,0
ENSG00000109861,0,0,0,0,0
ENSG00000109929,0,1,0,0,0
ENSG00000109956,0,0,0,0,1
ENSG00000110013,0,0,0,0,0
ENSG00000110066,0,0,0,0,0
ENSG00000110080,0,0,0,0,1
ENSG00000110090,0,1,0,0,1
ENSG00000110195,0,0,0,0,0
ENSG00000110203,0,0,0,0,0
ENSG00000110245,0,0,0,0,0
ENSG00000110328,0,0,0,0,1
ENSG00000110344,0,0,0,0,0
ENSG00000110395,0,0,0,0,0
ENSG00000110435,1,0,0,0,0
ENSG00000110436,0,0,0,0,0
ENSG00000110446,0,0,0,0,0
ENSG00000110536,0,0,0,0,0
ENSG00000110583,0,0,0,0,0
ENSG00000110619,0,0,1,0,0
ENSG00000110628,0,0,0,0,0
ENSG00000110713,0,0,0,1,0
ENSG00000110717,1,0,0,0,0
ENSG00000110719,0,0,0,0,0
ENSG00000110721,0,1,0,0,0
ENSG00000110871,0,0,0,0,0
ENSG00000110887,0,0,0,0,0
ENSG00000110911,0,0,0,0,0
ENSG00000110921,0,1,0,0,0
ENSG00000110955,1,0,0,0,0
ENSG00000110958,0,0,0,0,0
ENSG00000111012,0,0,0,0,0
ENSG00000111058,0,0,0,0,0
ENSG00000111077,0,0,0,0,0
ENSG00000111144,0,0,0,0,0
ENSG00000111181,0,0,0,0,0
ENSG00000111224,0,0,0,0,0
ENSG00000111237,0,0,0,1,1
ENSG00000111261,0,0,0,0,0
ENSG00000111275,0,0,0,1,1
ENSG00000111319,0,0,0,0,0
ENSG00000111339,0,0,0,0,0
ENSG00000111371,0,0,0,0,0
ENSG00000111445,0,0,0,1,0
ENSG00000111581,0,0,0,1,0
ENSG00000111640,1,0,0,0,0
ENSG00000111666,0,1,0,0,0
ENSG00000111667,0,0,0,0,0
ENSG00000111669,1,0,0,0,0
ENSG00000111670,0,0,0,0,0
ENSG00000111674,1,0,0,0,0
ENSG00000111684,0,0,0,0,0
ENSG00000111696,0,0,0,0,0
ENSG00000111700,0,0,0,0,0
ENSG00000111713,0,0,0,0,0
ENSG00000111716,1,0,0,0,0
ENSG00000111726,0,0,0,0,1
ENSG00000111728,0,0,0,0,0
ENSG00000111732,0,0,0,0,0
ENSG00000111775,1,0,0,0,0
ENSG00000111817,0,0,0,0,0
ENSG00000111846,0,0,0,0,0
ENSG00000111880,0,0,0,0,0
ENSG00000111885,0,0,0,0,1
ENSG00000111962,0,0,0,0,0
ENSG00000112053,0,0,0,0,0
ENSG00000112077,0,1,0,1,1
ENSG00000112096,0,0,0,0,0
ENSG00000112130,0,0,0,0,0
ENSG00000112293,0,0,0,0,0
ENSG00000112294,0,0,0,0,0
ENSG00000112299,0,0,0,0,0
ENSG00000112303,0,0,0,0,0
ENSG00000112304,0,0,0,0,0
ENSG00000112309,0,0,0,0,1
ENSG00000112337,0,0,0,0,0
ENSG00000112367,0,0,0,0,0
ENSG00000112394,0,0,0,0,1
ENSG00000112473,0,0,0,0,0
ENSG00000112499,0,0,0,0,0
ENSG00000112541,0,0,0,0,0
ENSG00000112695,1,0,0,0,0
ENSG00000112699,0,0,0,0,1
ENSG00000112759,0,0,0,0,0
ENSG00000112874,0,0,0,0,0
ENSG00000112893,0,0,0,0,1
ENSG00000112941,0,0,0,1,0
ENSG00000112972,0,0,0,0,0
ENSG00000112992,0,1,0,0,0
ENSG00000113073,1,0,0,0,0
ENSG00000113083,0,0,0,0,0
ENSG00000113161,0,1,0,0,0
ENSG00000113163,0,0,0,0,0
ENSG00000113231,0,0,0,0,0
ENSG00000113269,0,0,0,0,0
ENSG00000113273,0,0,0,0,0
ENSG00000113356,0,0,0,1,0
ENSG00000113396,0,1,0,0,1
ENSG00000113407,0,0,1,0,0
ENSG00000113448,0,0,0,0,0
ENSG00000113456,0,0,0,0,0
ENSG00000113492,0,0,0,0,0
ENSG00000113504,0,0,0,0,0
ENSG00000113532,0,0,0,0,0
ENSG00000113552,0,0,0,0,0
ENSG00000113569,0,0,0,1,0
ENSG00000113593,0,0,0,0,0
ENSG00000113643,0,0,1,0,0
ENSG00000113732,0,0,0,0,0
ENSG00000113790,0,0,1,0,1
ENSG00000113924,0,0,0,0,0
ENSG00000114021,0,0,0,0,0
ENSG00000114054,0,0,0,0,0
ENSG00000114062,0,0,0,0,0
ENSG00000114113,0,0,0,0,0
ENSG00000114115,0,0,0,0,0
ENSG00000114120,0,0,0,1,1
ENSG00000114124,0,0,0,0,0
ENSG00000114166,0,0,0,0,0
ENSG00000114200,0,0,0,0,0
ENSG00000114268,0,0,0,0,0
ENSG00000114316,0,0,0,0,0
ENSG00000114374,0,0,0,0,0
ENSG00000114378,0,0,0,0,0
ENSG00000114423,0,0,0,0,0
ENSG00000114480,0,0,0,0,0
ENSG00000114491,0,0,0,1,0
ENSG00000114573,0,0,0,0,0
ENSG00000114770,0,0,0,0,0
ENSG00000114771,0,0,0,0,0
ENSG00000114805,0,0,0,0,0
ENSG00000114857,0,0,0,0,0
ENSG00000114902,0,0,0,0,0
ENSG00000114923,0,0,0,0,0
ENSG00000114956,0,0,0,0,0
ENSG00000114982,0,0,0,0,0
ENSG00000114999,0,0,0,0,0
ENSG00000115020,0,0,0,0,0
ENSG00000115159,1,1,1,1,1
ENSG00000115252,0,0,0,0,0
ENSG00000115275,0,0,0,0,0
ENSG00000115286,1,0,0,0,0
ENSG00000115339,0,0,0,0,1
ENSG00000115350,0,0,0,1,0
ENSG00000115361,0,0,0,0,0
ENSG00000115392,0,0,0,0,0
ENSG00000115419,0,0,0,0,0
ENSG00000115421,0,0,0,1,0
ENSG00000115425,0,0,0,0,0
ENSG00000115464,0,0,0,0,0
ENSG00000115488,0,0,0,0,0
ENSG00000115525,0,0,0,0,0
ENSG00000115526,0,0,0,0,0
ENSG00000115556,0,0,0,0,0
ENSG00000115616,0,0,0,0,0
ENSG00000115652,0,0,0,0,1
ENSG00000115657,0,0,0,0,0
ENSG00000115665,0,0,0,0,0
ENSG00000115677,0,0,0,0,0
ENSG00000115705,0,0,0,0,0
ENSG00000115758,0,0,0,0,0
ENSG00000115760,0,0,0,0,0
ENSG00000115828,0,0,0,0,0
ENSG00000115840,0,0,0,1,1
ENSG00000115850,0,0,0,0,0
ENSG00000115866,0,0,1,0,0
ENSG00000115884,0,0,0,0,0
ENSG00000115902,0,0,0,0,0
ENSG00000115919,0,0,0,0,0
ENSG00000116005,0,0,0,0,0
ENSG00000116039,0,0,0,0,0
ENSG00000116096,0,0,0,0,0
ENSG00000116120,0,0,1,0,0
ENSG00000116133,0,1,0,0,0
ENSG00000116157,0,0,0,0,0
ENSG00000116171,0,0,0,0,0
ENSG00000116199,0,0,0,0,0
ENSG00000116237,0,0,0,0,0
ENSG00000116337,0,0,0,0,0
ENSG00000116353,0,0,0,0,0
ENSG00000116459,1,0,0,0,0
ENSG00000116514,0,0,0,0,0
ENSG00000116539,0,0,0,0,0
ENSG00000116649,0,0,0,0,0
ENSG00000116704,0,0,0,0,0
ENSG00000116711,0,0,0,0,0
ENSG00000116745,0,0,0,0,0
ENSG00000116748,0,0,0,0,0
ENSG00000116761,0,0,0,1,0
ENSG00000116771,0,0,0,0,0
ENSG00000116783,0,0,0,0,0
ENSG00000116791,0,0,0,0,0
ENSG00000116882,0,0,0,0,0
ENSG00000116906,0,0,0,0,0
ENSG00000116981,0,0,0,0,0
ENSG00000116984,0,0,0,0,0
ENSG00000117009,0,0,0,0,0
ENSG00000117054,0,0,1,0,1
ENSG00000117069,0,0,0,0,0
ENSG00000117115,0,0,0,0,0
ENSG00000117118,1,0,0,0,0
ENSG00000117143,0,0,0,0,1
ENSG00000117215,0,0,0,0,0
ENSG00000117305,0,1,0,0,0
ENSG00000117308,0,0,0,0,1
ENSG00000117394,0,1,0,1,1
ENSG00000117410,0,0,0,0,0
ENSG00000117411,0,0,0,0,1
ENSG00000117448,0,0,0,0,0
ENSG00000117450,0,0,0,0,0
ENSG00000117461,0,0,0,0,0
ENSG00000117479,0,0,0,0,0
ENSG00000117480,0,0,0,0,0
ENSG00000117528,0,0,0,0,0
ENSG00000117543,0,0,0,0,0
ENSG00000117592,0,0,0,0,0
ENSG00000117594,0,0,0,0,0
ENSG00000117600,0,1,0,0,0
ENSG00000117620,0,0,0,0,1
ENSG00000117643,0,0,0,0,1
ENSG00000117682,0,0,0,0,0
ENSG00000117834,0,0,0,0,0
ENSG00000117984,0,0,0,0,0
ENSG00000118017,0,0,0,0,1
ENSG00000118058,0,0,0,0,0
ENSG00000118094,0,0,0,0,0
ENSG00000118160,0,0,0,0,0
ENSG00000118276,0,0,0,0,0
ENSG00000118298,0,0,0,0,0
ENSG00000118363,0,0,0,0,0
ENSG00000118369,0,0,0,0,0
ENSG00000118402,0,1,0,0,0
ENSG00000118514,0,0,0,0,0
ENSG00000118518,0,0,0,0,0
ENSG00000118520,0,0,0,0,0
ENSG00000118596,0,0,0,1,1
ENSG00000118705,0,0,0,0,1
ENSG00000118777,0,0,0,0,0
ENSG00000119013,1,0,0,0,0
ENSG00000119048,0,0,0,0,0
ENSG00000119125,0,0,0,0,0
ENSG00000119227,0,0,0,0,0
ENSG00000119392,0,0,0,1,0
ENSG00000119401,0,0,0,0,0
ENSG00000119421,1,0,0,0,0
ENSG00000119514,0,0,0,0,1
ENSG00000119523,0,0,0,0,1
ENSG00000119537,0,0,0,0,0
ENSG00000119640,0,0,0,0,0
ENSG00000119673,0,0,0,0,0
ENSG00000119689,1,0,0,0,0
ENSG00000119711,0,0,1,0,0
ENSG00000119723,0,0,0,0,0
ENSG00000119772,0,0,0,0,0
ENSG00000119782,0,0,0,0,0
ENSG00000119899,0,0,0,0,0
ENSG00000119915,0,1,0,0,0
ENSG00000119927,0,1,0,0,0
ENSG00000119938,0,0,0,0,0
ENSG00000120053,0,0,1,1,1
ENSG00000120137,0,0,0,0,0
ENSG00000120253,0,0,0,1,0
ENSG00000120254,0,0,0,1,0
ENSG00000120265,0,0,0,0,0
ENSG00000120329,0,0,1,1,1
ENSG00000120437,0,1,0,0,0
ENSG00000120563,0,0,0,0,0
ENSG00000120697,0,0,0,0,1
ENSG00000120820,0,0,0,0,0
ENSG00000120915,0,0,0,0,0
ENSG00000120942,0,0,0,0,0
ENSG00000120992,0,0,0,0,0
ENSG00000121039,0,0,0,0,0
ENSG00000121053,0,0,0,0,0
ENSG00000121207,0,0,0,0,0
ENSG00000121270,0,0,0,0,0
ENSG00000121281,0,0,0,0,0
ENSG00000121310,0,0,0,0,0
ENSG00000121361,0,0,0,0,0
ENSG00000121481,0,0,0,0,0
ENSG00000121578,0,0,0,0,0
ENSG00000121579,0,0,0,0,0
ENSG00000121691,0,0,0,0,0
ENSG00000121769,0,1,0,0,1
ENSG00000121851,0,0,0,1,0
ENSG00000121879,0,0,0,0,0
ENSG00000121897,0,0,0,0,0
ENSG00000122008,0,0,0,1,0
ENSG00000122126,0,0,0,0,0
ENSG00000122194,0,0,0,0,0
ENSG00000122254,0,0,0,0,1
ENSG00000122257,0,0,0,0,0
ENSG00000122390,0,0,0,0,0
ENSG00000122642,0,0,0,0,0
ENSG00000122643,0,0,0,0,0
ENSG00000122678,0,0,0,1,0
ENSG00000122729,0,0,1,0,1
ENSG00000122787,0,0,0,0,0
ENSG00000122824,0,0,0,0,0
ENSG00000122863,0,0,0,0,1
ENSG00000122884,0,0,0,0,0
ENSG00000122912,0,1,0,0,0
ENSG00000122971,0,0,1,0,1
ENSG00000123124,0,0,0,0,0
ENSG00000123130,0,0,0,0,0
ENSG00000123213,0,0,0,0,0
ENSG00000123360,0,0,0,0,0
ENSG00000123453,0,0,0,1,0
ENSG00000123454,0,0,0,0,0
ENSG00000123505,0,0,0,0,0
ENSG00000123552,0,0,0,0,0
ENSG00000123643,0,1,1,1,1
ENSG00000123684,0,0,0,0,0
ENSG00000123739,0,0,0,0,0
ENSG00000123836,0,0,0,0,0
ENSG00000123983,0,1,0,0,1
ENSG00000123989,0,0,0,0,1
ENSG00000124003,0,0,0,0,0
ENSG00000124067,0,0,0,0,0
ENSG00000124091,0,0,0,0,0
ENSG00000124140,0,0,0,0,0
ENSG00000124151,0,0,0,0,0
ENSG00000124155,0,0,0,0,0
ENSG00000124164,0,0,0,0,0
ENSG00000124172,1,0,0,0,0
ENSG00000124181,0,0,0,0,0
ENSG00000124212,0,0,0,0,0
ENSG00000124253,0,0,0,0,0
ENSG00000124275,0,0,0,0,0
ENSG00000124299,0,0,0,0,0
ENSG00000124302,0,0,0,0,0
ENSG00000124356,0,0,0,0,0
ENSG00000124357,0,0,0,0,0
ENSG00000124370,0,0,0,0,0
ENSG00000124406,0,0,0,0,0
ENSG00000124422,0,0,0,0,0
ENSG00000124486,0,0,0,0,0
ENSG00000124491,0,0,0,0,0
ENSG00000124523,0,0,0,0,0
ENSG00000124564,0,0,0,0,1
ENSG00000124568,0,0,0,1,0
ENSG00000124588,0,0,0,0,0
ENSG00000124596,0,0,0,0,0
ENSG00000124615,0,0,0,0,0
ENSG00000124713,0,0,0,0,0
ENSG00000124767,0,0,0,0,0
ENSG00000124789,0,0,0,1,0
ENSG00000125166,0,0,0,1,1
ENSG00000125246,0,0,0,0,0
ENSG00000125255,0,0,0,0,0
ENSG00000125257,0,0,0,0,0
ENSG00000125356,1,0,0,0,0
ENSG00000125430,0,0,0,0,1
ENSG00000125450,0,0,0,1,0
ENSG00000125454,0,0,0,0,0
ENSG00000125458,0,0,0,0,0
ENSG00000125484,0,0,0,0,0
ENSG00000125505,0,0,0,0,0
ENSG00000125630,0,0,0,1,0
ENSG00000125772,0,0,0,0,0
ENSG00000125779,0,0,0,0,0
ENSG00000125780,0,0,0,0,0
ENSG00000125877,0,0,0,0,0
ENSG00000126088,0,0,0,0,0
ENSG00000126091,0,0,0,0,1
ENSG00000126107,0,0,0,0,0
ENSG00000126261,0,0,0,0,0
ENSG00000126267,1,0,0,0,0
ENSG00000126432,0,0,0,0,0
ENSG00000126522,0,0,0,0,0
ENSG00000126821,0,0,0,0,0
ENSG00000126883,0,0,0,1,0
ENSG00000127080,0,0,0,0,0
ENSG00000127125,0,0,0,0,0
ENSG00000127184,1,0,0,0,0
ENSG00000127415,0,0,0,0,0
ENSG00000127445,0,0,0,0,0
ENSG00000127472,0,0,0,0,0
ENSG00000127481,0,0,0,0,0
ENSG00000127540,1,0,0,0,0
ENSG00000127884,0,0,1,0,1
ENSG00000127948,0,0,0,0,0
ENSG00000128039,0,0,0,0,0
ENSG00000128050,0,0,0,1,0
ENSG00000128059,0,0,0,1,0
ENSG00000128242,0,0,0,0,0
ENSG00000128268,0,0,0,0,1
ENSG00000128274,0,0,0,0,0
ENSG00000128294,0,0,0,0,0
ENSG00000128309,0,0,0,0,0
ENSG00000128311,0,0,0,0,0
ENSG00000128524,0,0,0,0,0
ENSG00000128609,1,0,0,0,0
ENSG00000128655,0,0,0,0,0
ENSG00000128683,0,0,0,0,0
ENSG00000128708,0,0,0,0,0
ENSG00000128731,0,0,0,0,0
ENSG00000128918,0,0,0,0,0
ENSG00000128928,0,1,0,0,0
ENSG00000128951,0,0,0,0,0
ENSG00000129083,0,0,0,0,0
ENSG00000129128,0,0,0,0,0
ENSG00000129151,0,0,0,0,0
ENSG00000129167,0,0,0,0,0
ENSG00000129187,0,0,0,0,0
ENSG00000129204,0,0,0,0,0
ENSG00000129219,0,0,0,0,0
ENSG00000129244,0,0,0,0,0
ENSG00000129353,0,0,0,0,0
ENSG00000129467,0,0,0,0,0
ENSG00000129484,0,0,0,0,0
ENSG00000129562,0,0,0,0,1
ENSG00000129596,0,0,1,0,0
ENSG00000129673,0,0,0,0,0
ENSG00000129744,0,0,0,0,0
ENSG00000129873,0,0,0,0,0
ENSG00000129951,0,1,0,0,0
ENSG00000130005,0,1,0,0,0
ENSG00000130035,0,0,0,0,1
ENSG00000130052,0,0,0,0,0
ENSG00000130055,0,0,0,0,0
ENSG00000130066,0,0,0,0,0
ENSG00000130164,0,0,0,0,0
ENSG00000130203,0,0,0,0,0
ENSG00000130208,0,0,0,0,0
ENSG00000130227,0,0,0,0,1
ENSG00000130234,0,0,0,0,0
ENSG00000130304,0,1,0,0,1
ENSG00000130309,0,0,0,0,0
ENSG00000130313,0,1,0,0,0
ENSG00000130377,0,1,0,0,1
ENSG00000130383,0,0,0,0,0
ENSG00000130414,1,0,0,0,0
ENSG00000130508,0,0,0,0,0
ENSG00000130540,0,0,0,0,0
ENSG00000130649,0,0,0,0,0
ENSG00000130653,0,0,0,0,0
ENSG00000130707,0,0,0,0,0
ENSG00000130714,0,0,0,0,0
ENSG00000130717,0,0,0,0,0
ENSG00000130725,0,0,0,0,0
ENSG00000130816,0,0,0,0,0
ENSG00000130821,0,1,0,0,0
ENSG00000130822,0,0,0,0,0
ENSG00000130876,0,0,0,0,1
ENSG00000130939,0,0,0,0,0
ENSG00000130948,0,0,0,0,0
ENSG00000130957,0,0,0,0,0
ENSG00000130958,0,0,0,0,1
ENSG00000130985,0,0,0,0,0
ENSG00000130988,0,0,0,0,0
ENSG00000130997,0,0,0,1,0
ENSG00000131013,0,0,0,0,0
ENSG00000131055,1,0,0,0,0
ENSG00000131067,0,0,1,1,1
ENSG00000131069,0,0,0,0,0
ENSG00000131100,0,0,0,0,0
ENSG00000131143,1,0,0,0,0
ENSG00000131174,1,0,0,0,0
ENSG00000131183,0,0,0,0,0
ENSG00000131203,0,0,0,0,0
ENSG00000131238,0,0,0,0,0
ENSG00000131373,0,0,0,0,0
ENSG00000131386,0,0,0,0,1
ENSG00000131389,0,0,0,0,0
ENSG00000131446,0,0,0,0,1
ENSG00000131459,0,0,0,0,1
ENSG00000131471,0,0,0,0,0
ENSG00000131473,0,0,0,0,1
ENSG00000131480,0,0,0,0,0
ENSG00000131482,0,0,0,0,0
ENSG00000131495,1,0,0,0,0
ENSG00000131508,0,0,0,0,0
ENSG00000131653,0,0,0,0,0
ENSG00000131686,0,0,0,0,0
ENSG00000131730,0,0,0,0,0
ENSG00000131748,0,0,0,0,0
ENSG00000131781,0,0,0,0,0
ENSG00000131828,1,0,0,0,0
ENSG00000131844,0,1,0,0,0
ENSG00000131864,0,0,0,0,0
ENSG00000131873,0,0,0,0,1
ENSG00000131979,0,0,0,0,0
ENSG00000132164,0,0,0,0,0
ENSG00000132182,0,0,0,1,0
ENSG00000132196,0,1,0,0,0
ENSG00000132256,0,0,0,0,0
ENSG00000132330,0,0,0,0,0
ENSG00000132376,0,0,0,0,0
ENSG00000132388,0,0,0,0,0
ENSG00000132423,0,0,0,0,0
ENSG00000132437,0,0,0,0,0
ENSG00000132517,0,0,0,0,0
ENSG00000132518,0,0,0,0,0
ENSG00000132570,0,0,0,0,0
ENSG00000132664,0,0,0,1,0
ENSG00000132677,0,0,0,0,0
ENSG00000132681,0,0,0,0,0
ENSG00000132744,0,0,0,0,0
ENSG00000132746,0,0,0,0,0
ENSG00000132793,0,1,0,0,0
ENSG00000132837,0,0,0,1,0
ENSG00000132840,0,0,0,1,0
ENSG00000132874,0,0,1,1,0
ENSG00000132915,0,0,0,0,0
ENSG00000132958,0,0,0,0,0
ENSG00000133027,0,0,0,0,0
ENSG00000133048,0,0,0,0,0
ENSG00000133056,0,0,0,0,0
ENSG00000133063,0,0,0,0,0
ENSG00000133065,0,0,0,0,0
ENSG00000133116,0,0,0,0,0
ENSG00000133121,0,0,0,0,0
ENSG00000133135,0,0,0,0,0
ENSG00000133247,0,0,0,0,0
ENSG00000133256,0,0,0,0,0
ENSG00000133275,0,0,0,0,0
ENSG00000133313,0,0,0,0,0
ENSG00000133315,0,0,0,0,0
ENSG00000133328,0,0,0,0,0
ENSG00000133433,0,0,0,0,0
ENSG00000133460,0,1,0,1,1
ENSG00000133606,0,0,0,0,0
ENSG00000133706,0,0,1,0,0
ENSG00000133731,0,0,0,0,0
ENSG00000133742,0,1,0,0,0
ENSG00000133805,0,0,0,0,0
ENSG00000133835,0,0,0,0,0
ENSG00000134013,0,0,0,0,0
ENSG00000134014,0,0,0,0,0
ENSG00000134184,0,0,0,0,0
ENSG00000134201,0,0,0,0,0
ENSG00000134202,0,0,0,0,0
ENSG00000134216,0,0,0,0,0
ENSG00000134240,0,0,0,0,0
ENSG00000134255,0,1,0,0,0
ENSG00000134285,0,0,0,0,0
ENSG00000134294,0,0,0,0,0
ENSG00000134324,0,1,0,0,0
ENSG00000134326,0,0,0,1,1
ENSG00000134333,1,0,0,0,0
ENSG00000134440,0,0,1,0,0
ENSG00000134538,0,0,0,0,0
ENSG00000134575,0,0,0,0,0
ENSG00000134588,0,0,0,0,0
ENSG00000134684,0,0,1,0,0
ENSG00000134716,0,0,0,0,0
ENSG00000134744,0,0,0,1,0
ENSG00000134758,0,0,0,0,0
ENSG00000134780,0,0,0,0,0
ENSG00000134812,0,0,0,0,0
ENSG00000134824,0,1,0,0,0
ENSG00000134852,0,0,0,0,0
ENSG00000134864,0,0,0,0,0
ENSG00000134882,0,0,0,1,1
ENSG00000134910,0,0,0,0,1
ENSG00000135002,0,0,0,0,0
ENSG00000135047,0,0,0,0,0
ENSG00000135069,0,0,0,1,1
ENSG00000135093,0,0,0,0,0
ENSG00000135094,0,0,0,0,0
ENSG00000135218,0,1,0,0,1
ENSG00000135220,0,0,0,0,0
ENSG00000135226,0,0,0,0,0
ENSG00000135241,0,0,0,0,0
ENSG00000135318,0,0,0,0,0
ENSG00000135372,0,0,0,0,0
ENSG00000135390,1,0,0,0,0
ENSG00000135423,0,0,0,0,0
ENSG00000135437,0,0,0,0,0
ENSG00000135454,0,0,0,0,0
ENSG00000135587,0,0,0,0,0
ENSG00000135655,0,0,0,0,0
ENSG00000135677,0,0,0,0,0
ENSG00000135679,0,0,0,0,0
ENSG00000135697,0,0,0,0,0
ENSG00000135702,0,0,0,0,1
ENSG00000135740,0,0,0,0,0
ENSG00000135778,0,0,0,0,0
ENSG00000135821,0,0,0,1,1
ENSG00000135838,0,0,0,0,1
ENSG00000135845,0,0,0,0,0
ENSG00000135913,0,0,0,0,0
ENSG00000135917,0,0,0,0,0
ENSG00000135929,0,0,0,1,1
ENSG00000135940,1,0,0,0,0
ENSG00000136010,0,0,0,0,0
ENSG00000136014,0,0,0,0,0
ENSG00000136052,0,0,0,0,0
ENSG00000136143,1,0,0,0,0
ENSG00000136169,0,0,0,0,0
ENSG00000136213,0,0,0,0,1
ENSG00000136243,0,0,0,1,0
ENSG00000136247,0,0,0,0,0
ENSG00000136250,0,0,0,0,0
ENSG00000136267,0,0,0,0,0
ENSG00000136371,0,0,0,0,0
ENSG00000136448,0,0,0,0,0
ENSG00000136504,0,0,0,0,0
ENSG00000136521,1,0,0,0,0
ENSG00000136531,0,0,0,0,0
ENSG00000136536,0,0,0,0,0
ENSG00000136542,0,0,0,0,1
ENSG00000136546,0,0,0,0,0
ENSG00000136628,0,0,1,0,0
ENSG00000136699,0,0,0,0,0
ENSG00000136720,0,0,0,0,1
ENSG00000136731,0,0,0,0,0
ENSG00000136750,0,0,0,0,0
ENSG00000136810,0,0,0,1,0
ENSG00000136840,0,0,0,0,0
ENSG00000136856,0,1,0,1,1
ENSG00000136868,0,0,0,0,0
ENSG00000136872,1,0,0,0,0
ENSG00000136877,0,0,0,0,0
ENSG00000136878,0,0,0,0,0
ENSG00000136881,0,0,0,0,0
ENSG00000136888,0,0,0,0,0
ENSG00000136908,0,0,0,0,1
ENSG00000136943,0,0,0,0,0
ENSG00000136960,0,0,0,0,0
ENSG00000137054,0,0,0,1,0
ENSG00000137106,0,0,0,0,0
ENSG00000137124,0,0,0,1,1
ENSG00000137168,0,0,0,0,0
ENSG00000137198,0,0,0,0,0
ENSG00000137200,0,0,0,0,0
ENSG00000137204,0,0,0,0,0
ENSG00000137364,0,0,0,0,0
ENSG00000137392,0,0,0,0,0
ENSG00000137393,0,0,0,0,0
ENSG00000137491,0,0,0,0,0
ENSG00000137563,0,0,0,0,0
ENSG00000137731,0,0,0,0,0
ENSG00000137770,0,0,0,0,0
ENSG00000137817,0,0,0,0,0
ENSG00000137825,0,0,0,0,0
ENSG00000137841,0,0,0,0,0
ENSG00000137857,0,0,0,0,0
ENSG00000137860,0,0,0,0,0
ENSG00000137868,0,0,0,0,0
ENSG00000137869,0,0,0,0,0
ENSG00000137944,0,0,0,0,0
ENSG00000137968,0,0,0,0,0
ENSG00000137992,0,1,0,0,0
ENSG00000137996,0,0,0,0,0
ENSG00000138018,0,0,0,0,0
ENSG00000138029,0,0,0,1,1
ENSG00000138030,0,0,0,0,0
ENSG00000138031,0,0,0,0,0
ENSG00000138061,0,0,0,0,0
ENSG00000138074,0,0,0,0,0
ENSG00000138075,0,0,0,0,0
ENSG00000138079,0,0,0,0,0
ENSG00000138109,0,0,0,0,0
ENSG00000138115,0,0,0,0,0
ENSG00000138134,0,0,0,0,0
ENSG00000138135,0,0,0,0,0
ENSG00000138185,0,0,0,0,0
ENSG00000138193,0,0,0,0,0
ENSG00000138207,0,0,0,0,0
ENSG00000138356,0,0,0,0,0
ENSG00000138363,0,0,0,1,0
ENSG00000138376,0,0,0,0,0
ENSG00000138398,0,0,0,0,0
ENSG00000138400,0,0,1,1,0
ENSG00000138411,0,0,0,0,0
ENSG00000138413,0,0,0,0,1
ENSG00000138449,0,0,0,0,0
ENSG00000138496,0,0,0,0,0
ENSG00000138592,0,0,0,0,0
ENSG00000138604,0,0,0,0,1
ENSG00000138617,0,0,0,0,0
ENSG00000138621,0,0,0,0,0
ENSG00000138622,0,0,0,0,0
ENSG00000138641,0,0,0,0,0
ENSG00000138653,0,0,0,0,1
ENSG00000138678,0,1,0,0,0
ENSG00000138735,0,0,0,0,0
ENSG00000138744,0,0,0,0,0
ENSG00000138750,0,0,0,1,0
ENSG00000138772,0,0,0,0,0
ENSG00000138777,0,1,1,1,1
ENSG00000138796,0,0,1,0,1
ENSG00000138801,0,0,0,0,1
ENSG00000138821,0,0,0,0,0
ENSG00000138942,0,0,0,0,0
ENSG00000139044,0,0,0,0,0
ENSG00000139053,0,0,0,0,0
ENSG00000139133,0,0,0,0,1
ENSG00000139144,0,0,0,0,0
ENSG00000139151,0,0,0,0,0
ENSG00000139155,0,0,0,0,0
ENSG00000139163,0,0,0,0,0
ENSG00000139180,1,0,0,0,0
ENSG00000139209,0,0,0,1,1
ENSG00000139266,0,0,0,0,0
ENSG00000139287,0,0,0,0,0
ENSG00000139304,0,0,0,0,0
ENSG00000139344,0,0,0,1,0
ENSG00000139370,0,0,0,0,0
ENSG00000139410,0,0,0,0,0
ENSG00000139428,0,0,0,0,0
ENSG00000139433,0,0,0,0,0
ENSG00000139496,0,0,0,1,0
ENSG00000139505,0,0,0,0,0
ENSG00000139514,0,1,1,1,1
ENSG00000139531,0,0,0,0,0
ENSG00000139540,0,0,0,0,0
ENSG00000139547,0,0,0,0,0
ENSG00000139624,0,0,0,0,0
ENSG00000139629,0,0,0,0,1
ENSG00000139631,0,0,0,0,0
ENSG00000139684,0,0,0,0,0
ENSG00000139718,0,0,0,0,0
ENSG00000139914,0,0,0,0,0
ENSG00000139977,0,0,0,0,0
ENSG00000139988,0,0,0,0,0
ENSG00000140057,0,0,1,1,1
ENSG00000140090,0,0,0,0,0
ENSG00000140105,0,0,1,0,0
ENSG00000140199,0,0,0,0,0
ENSG00000140263,0,0,0,0,0
ENSG00000140279,0,0,0,0,0
ENSG00000140284,0,1,0,0,1
ENSG00000140287,0,0,0,0,0
ENSG00000140297,0,0,0,0,1
ENSG00000140367,0,0,0,0,0
ENSG00000140374,1,1,1,1,1
ENSG00000140400,0,0,0,0,0
ENSG00000140455,0,0,0,0,0
ENSG00000140459,0,0,0,0,0
ENSG00000140465,0,0,0,0,0
ENSG00000140505,0,0,0,0,0
ENSG00000140519,0,0,0,0,0
ENSG00000140521,0,0,0,1,0
ENSG00000140522,0,0,0,0,0
ENSG00000140534,0,0,0,0,0
ENSG00000140598,0,0,0,0,0
ENSG00000140612,0,0,0,0,0
ENSG00000140650,0,0,0,0,1
ENSG00000140675,0,0,0,0,0
ENSG00000140740,1,0,0,0,0
ENSG00000140795,0,0,0,0,0
ENSG00000140835,0,0,0,0,1
ENSG00000140905,0,0,0,1,0
ENSG00000140990,1,0,0,0,0
ENSG00000141012,0,0,0,0,0
ENSG00000141096,0,0,0,0,0
ENSG00000141179,0,0,0,0,0
ENSG00000141279,0,0,1,1,1
ENSG00000141338,0,0,0,0,0
ENSG00000141349,0,0,0,0,0
ENSG00000141378,0,0,0,0,0
ENSG00000141401,0,0,0,0,0
ENSG00000141424,0,0,0,0,0
ENSG00000141429,0,0,0,0,1
ENSG00000141446,0,0,0,0,0
ENSG00000141458,0,0,0,0,0
ENSG00000141469,0,0,1,1,0
ENSG00000141485,0,0,0,0,0
ENSG00000141504,0,0,0,0,0
ENSG00000141506,0,0,0,0,0
ENSG00000141526,0,0,0,1,1
ENSG00000141552,0,0,0,0,0
ENSG00000141560,0,0,0,0,0
ENSG00000141698,0,0,0,0,0
ENSG00000141744,0,0,0,0,0
ENSG00000141756,0,0,0,0,0
ENSG00000141873,0,0,0,0,0
ENSG00000141934,0,1,0,0,0
ENSG00000141959,1,0,0,0,0
ENSG00000142046,0,1,1,0,1
ENSG00000142082,0,0,0,0,0
ENSG00000142102,0,0,0,0,0
ENSG00000142168,0,0,0,0,0
ENSG00000142182,0,0,0,0,0
ENSG00000142230,0,0,0,0,0
ENSG00000142273,0,0,0,0,0
ENSG00000142319,0,0,0,0,0
ENSG00000142494,0,0,0,0,0
ENSG00000142513,0,0,0,0,0
ENSG00000142583,0,1,0,1,1
ENSG00000142619,0,0,0,0,0
ENSG00000142623,0,0,0,0,0
ENSG00000142657,0,1,0,0,0
ENSG00000142892,0,0,0,0,0
ENSG00000142920,0,0,0,0,0
ENSG00000142973,0,0,0,0,0
ENSG00000143036,0,0,0,0,0
ENSG00000143149,0,0,0,1,1
ENSG00000143153,0,0,0,0,0
ENSG00000143156,0,0,0,1,1
ENSG00000143158,0,1,0,0,0
ENSG00000143179,0,0,0,0,0
ENSG00000143198,0,0,0,0,0
ENSG00000143199,0,0,0,0,0
ENSG00000143207,0,0,0,0,0
ENSG00000143224,0,0,0,0,0
ENSG00000143252,1,0,0,0,0
ENSG00000143258,0,0,0,0,0
ENSG00000143278,0,0,0,0,0
ENSG00000143315,0,0,0,0,0
ENSG00000143324,0,0,0,0,0
ENSG00000143363,0,1,1,1,1
ENSG00000143379,0,0,0,0,0
ENSG00000143387,0,0,0,0,0
ENSG00000143393,0,0,0,0,0
ENSG00000143398,0,0,0,0,0
ENSG00000143418,0,0,0,0,0
ENSG00000143515,0,0,0,0,0
ENSG00000143552,0,0,0,1,0
ENSG00000143554,0,1,0,0,1
ENSG00000143570,0,0,0,0,0
ENSG00000143595,0,0,0,0,0
ENSG00000143627,1,0,0,0,0
ENSG00000143641,0,0,0,0,1
ENSG00000143653,0,0,0,0,0
ENSG00000143753,0,1,0,0,0
ENSG00000143772,0,0,0,0,0
ENSG00000143774,0,0,0,1,0
ENSG00000143797,0,1,0,0,0
ENSG00000143799,0,0,0,0,0
ENSG00000143811,0,0,1,0,1
ENSG00000143815,0,0,0,0,0
ENSG00000143819,0,0,0,0,0
ENSG00000143845,0,0,0,0,0
ENSG00000143870,0,0,0,0,0
ENSG00000143882,0,0,0,0,0
ENSG00000143891,0,0,0,0,0
ENSG00000143921,0,0,0,0,0
ENSG00000143933,0,0,0,0,0
ENSG00000144035,0,0,0,0,0
ENSG00000144048,0,0,0,0,0
ENSG00000144057,0,0,0,0,1
ENSG00000144136,0,0,0,0,0
ENSG00000144182,0,0,0,0,0
ENSG00000144231,0,0,0,1,0
ENSG00000144278,0,0,0,0,1
ENSG00000144285,0,0,0,0,0
ENSG00000144290,0,0,0,0,0
ENSG00000144357,0,0,0,0,0
ENSG00000144362,0,0,0,0,0
ENSG00000144583,0,0,0,0,0
ENSG00000144659,0,0,0,1,0
ENSG00000144741,0,0,0,0,0
ENSG00000144744,0,0,0,0,0
ENSG00000144843,0,0,0,0,0
ENSG00000144908,0,0,0,0,0
ENSG00000145020,0,0,0,1,0
ENSG00000145214,0,0,0,0,0
ENSG00000145217,0,0,0,0,1
ENSG00000145283,0,0,0,0,0
ENSG00000145284,0,1,0,0,0
ENSG00000145293,0,0,0,0,0
ENSG00000145321,0,0,0,0,0
ENSG00000145337,0,0,0,0,0
ENSG00000145384,0,1,0,0,1
ENSG00000145391,0,0,0,0,0
ENSG00000145416,0,0,0,0,0
ENSG00000145439,0,0,0,0,0
ENSG00000145476,0,0,0,0,0
ENSG00000145494,1,0,0,0,0
ENSG00000145495,0,0,0,0,0
ENSG00000145545,0,0,0,0,0
ENSG00000145626,0,0,0,0,0
ENSG00000145675,0,0,0,0,0
ENSG00000145692,0,0,0,1,0
ENSG00000145725,0,0,0,0,0
ENSG00000145730,0,0,0,0,0
ENSG00000145949,0,0,0,0,0
ENSG00000146039,0,0,0,0,0
ENSG00000146066,0,1,0,0,0
ENSG00000146070,0,0,0,0,0
ENSG00000146085,0,0,1,0,0
ENSG00000146151,0,1,0,0,0
ENSG00000146233,0,0,0,0,0
ENSG00000146373,0,0,0,0,0
ENSG00000146411,0,1,0,1,1
ENSG00000146414,0,0,0,0,0
ENSG00000146477,0,0,0,0,0
ENSG00000146587,0,0,0,0,0
ENSG00000146648,0,0,0,0,0
ENSG00000146701,1,0,0,0,0
ENSG00000146733,0,0,0,1,1
ENSG00000147003,0,0,0,0,0
ENSG00000147100,0,0,0,0,0
ENSG00000147119,0,0,0,0,1
ENSG00000147123,1,0,0,0,0
ENSG00000147155,0,1,0,0,0
ENSG00000147160,0,0,0,0,0
ENSG00000147162,0,0,0,0,0
ENSG00000147224,0,0,0,1,0
ENSG00000147383,0,1,0,0,0
ENSG00000147408,0,0,0,0,1
ENSG00000147416,0,0,0,0,0
ENSG00000147454,0,0,0,0,0
ENSG00000147465,0,0,0,0,0
ENSG00000147535,0,1,0,0,0
ENSG00000147548,0,0,0,0,0
ENSG00000147576,0,0,0,1,1
ENSG00000147606,0,0,0,0,0
ENSG00000147614,0,0,0,0,0
ENSG00000147647,0,0,0,0,0
ENSG00000147669,0,0,0,1,0
ENSG00000147684,1,0,0,0,0
ENSG00000147804,0,0,0,0,0
ENSG00000147813,0,0,0,0,0
ENSG00000147853,0,0,1,1,1
ENSG00000147854,0,0,0,0,0
ENSG00000147872,0,0,0,0,0
ENSG00000148057,0,0,0,0,0
ENSG00000148090,0,1,0,0,0
ENSG00000148154,0,0,0,0,0
ENSG00000148218,0,0,0,0,0
ENSG00000148229,0,0,0,1,0
ENSG00000148288,0,0,0,0,0
ENSG00000148334,0,0,0,0,0
ENSG00000148344,0,0,0,0,0
ENSG00000148356,0,0,0,0,0
ENSG00000148377,0,1,0,0,0
ENSG00000148384,0,0,0,0,0
ENSG00000148459,0,0,0,0,0
ENSG00000148606,0,0,0,1,0
ENSG00000148634,0,0,0,0,0
ENSG00000148672,1,1,1,1,1
ENSG00000148795,0,0,0,0,0
ENSG00000148832,0,0,0,0,0
ENSG00000148834,0,0,0,0,0
ENSG00000148942,0,0,0,0,0
ENSG00000149016,0,0,0,1,0
ENSG00000149084,0,1,0,0,0
ENSG00000149089,0,0,0,0,0
ENSG00000149091,0,0,0,0,0
ENSG00000149124,0,0,0,0,0
ENSG00000149150,0,1,1,1,1
ENSG00000149313,0,0,0,0,0
ENSG00000149380,0,0,0,0,0
ENSG00000149435,0,0,0,0,0
ENSG00000149452,0,0,0,0,0
ENSG00000149476,0,0,0,0,0
ENSG00000149485,0,1,0,0,0
ENSG00000149527,0,0,0,0,0
ENSG00000149541,0,0,0,0,1
ENSG00000149742,0,0,0,0,0
ENSG00000149782,0,0,0,0,0
ENSG00000149809,0,1,0,0,0
ENSG00000149925,1,0,0,0,0
ENSG00000149929,0,0,0,0,0
ENSG00000150540,0,0,0,0,0
ENSG00000150656,0,0,0,0,0
ENSG00000150712,0,0,0,0,0
ENSG00000150768,1,0,0,0,0
ENSG00000150787,0,0,0,0,0
ENSG00000150867,0,0,0,0,0
ENSG00000151005,0,1,0,1,0
ENSG00000151012,0,0,0,0,0
ENSG00000151092,0,0,0,0,0
ENSG00000151093,0,0,0,0,0
ENSG00000151148,0,0,0,0,0
ENSG00000151151,0,0,0,0,0
ENSG00000151224,0,1,0,1,0
ENSG00000151229,0,0,0,0,0
ENSG00000151348,0,0,0,0,1
ENSG00000151360,0,0,0,0,0
ENSG00000151366,1,0,0,0,0
ENSG00000151376,0,0,0,0,1
ENSG00000151418,0,0,0,0,0
ENSG00000151498,0,0,0,0,1
ENSG00000151552,0,0,0,0,0
ENSG00000151576,0,0,0,0,0
ENSG00000151611,0,0,0,0,0
ENSG00000151632,0,0,0,0,0
ENSG00000151665,0,0,0,0,0
ENSG00000151689,0,0,0,0,0
ENSG00000151692,0,0,0,0,0
ENSG00000151726,0,1,0,0,1
ENSG00000151729,1,0,0,0,0
ENSG00000151790,0,0,0,0,0
ENSG00000151883,0,0,0,0,0
ENSG00000152127,0,0,0,0,1
ENSG00000152234,1,0,0,0,0
ENSG00000152254,0,0,0,0,0
ENSG00000152256,0,0,0,0,0
ENSG00000152270,0,0,0,0,0
ENSG00000152402,0,0,0,0,0
ENSG00000152455,0,0,0,0,0
ENSG00000152463,0,1,0,0,0
ENSG00000152465,0,0,0,0,0
ENSG00000152484,0,0,0,0,0
ENSG00000152556,1,0,0,0,0
ENSG00000152620,0,0,0,0,0
ENSG00000152642,0,1,0,0,0
ENSG00000152683,0,0,0,0,0
ENSG00000152779,0,0,0,0,1
ENSG00000152782,0,0,0,0,0
ENSG00000152904,0,1,0,0,0
ENSG00000152952,0,0,0,0,0
ENSG00000153015,0,0,0,0,0
ENSG00000153086,0,0,0,0,0
ENSG00000153201,0,0,0,1,0
ENSG00000153207,0,0,0,1,0
ENSG00000153253,0,0,0,0,0
ENSG00000153291,1,0,0,0,0
ENSG00000153395,0,0,0,0,0
ENSG00000153574,0,1,0,1,0
ENSG00000153786,0,0,0,0,0
ENSG00000153827,0,0,0,0,0
ENSG00000153904,0,0,0,0,0
ENSG00000153933,0,0,0,0,0
ENSG00000153936,0,0,0,0,1
ENSG00000153976,0,0,0,0,1
ENSG00000154025,0,0,0,0,0
ENSG00000154027,0,1,1,1,1
ENSG00000154080,0,0,0,0,0
ENSG00000154227,0,0,0,0,0
ENSG00000154252,0,0,0,0,0
ENSG00000154269,0,0,0,0,0
ENSG00000154370,0,0,0,0,0
ENSG00000154447,0,0,0,0,0
ENSG00000154518,1,0,0,0,0
ENSG00000154678,0,0,0,0,0
ENSG00000154723,1,0,0,0,0
ENSG00000154914,0,0,0,0,0
ENSG00000154930,0,0,0,0,0
ENSG00000155016,0,0,0,0,0
ENSG00000155085,0,0,1,1,1
ENSG00000155097,0,0,0,0,0
ENSG00000155099,0,0,0,0,0
ENSG00000155189,0,1,0,0,0
ENSG00000155252,0,0,0,0,0
ENSG00000155287,0,0,0,0,0
ENSG00000155313,0,0,0,0,0
ENSG00000155368,0,0,0,0,0
ENSG00000155380,1,0,0,1,1
ENSG00000155465,0,1,1,1,1
ENSG00000155561,0,0,0,1,0
ENSG00000155660,0,0,0,0,0
ENSG00000155827,0,0,0,0,0
ENSG00000155850,0,0,0,0,1
ENSG00000155886,0,0,0,1,1
ENSG00000155893,0,0,0,0,0
ENSG00000155897,0,0,0,0,0
ENSG00000156006,0,0,0,0,0
ENSG00000156096,0,0,0,0,0
ENSG00000156110,0,0,0,0,0
ENSG00000156136,0,0,0,0,0
ENSG00000156219,0,0,0,0,0
ENSG00000156222,0,0,0,0,0
ENSG00000156256,0,0,0,0,0
ENSG00000156269,0,0,0,0,0
ENSG00000156411,1,0,0,0,0
ENSG00000156413,0,0,0,0,0
ENSG00000156463,0,0,0,0,0
ENSG00000156467,1,0,0,0,0
ENSG00000156471,0,0,0,0,0
ENSG00000156508,0,0,0,0,0
ENSG00000156510,1,1,0,1,1
ENSG00000156515,1,1,0,1,1
ENSG00000156587,0,0,0,0,0
ENSG00000156599,0,0,0,0,0
ENSG00000156650,0,0,0,0,0
ENSG00000156689,0,0,0,0,0
ENSG00000156795,0,0,0,0,0
ENSG00000156873,0,0,0,0,0
ENSG00000156885,1,0,0,0,0
ENSG00000156958,0,0,0,0,0
ENSG00000156966,0,0,0,0,1
ENSG00000156983,0,0,0,0,0
ENSG00000157020,0,0,0,1,0
ENSG00000157045,0,0,0,0,0
ENSG00000157064,0,0,0,0,0
ENSG00000157087,0,0,0,0,0
ENSG00000157103,0,0,0,0,0
ENSG00000157184,0,1,1,0,1
ENSG00000157326,0,0,0,0,0
ENSG00000157349,0,0,0,1,0
ENSG00000157350,0,0,0,0,0
ENSG00000157353,0,0,0,0,0
ENSG00000157399,0,0,0,0,0
ENSG00000157426,0,0,0,0,0
ENSG00000157593,0,0,0,0,1
ENSG00000157680,0,0,0,0,0
ENSG00000157765,0,0,0,0,0
ENSG00000157881,0,0,0,0,0
ENSG00000158006,0,0,0,0,0
ENSG00000158008,0,0,0,0,1
ENSG00000158022,0,0,0,0,0
ENSG00000158089,0,0,0,0,1
ENSG00000158104,0,0,0,0,0
ENSG00000158125,0,0,0,0,0
ENSG00000158296,0,0,0,0,0
ENSG00000158467,0,1,0,1,0
ENSG00000158470,0,0,0,0,1
ENSG00000158516,0,0,0,0,0
ENSG00000158525,0,0,0,0,0
ENSG00000158571,0,0,0,0,0
ENSG00000158578,0,0,0,0,0
ENSG00000158623,0,0,0,0,0
ENSG00000158669,0,1,0,0,0
ENSG00000158786,0,0,0,0,0
ENSG00000158825,0,0,0,0,0
ENSG00000158850,0,0,0,0,1
ENSG00000158864,1,0,0,0,0
ENSG00000158865,0,0,0,0,0
ENSG00000159063,0,0,0,0,1
ENSG00000159082,0,0,0,0,0
ENSG00000159131,0,0,0,1,0
ENSG00000159199,1,0,0,0,0
ENSG00000159202,0,0,0,0,0
ENSG00000159228,0,0,0,0,0
ENSG00000159231,0,0,0,0,0
ENSG00000159267,0,0,0,0,0
ENSG00000159322,0,0,0,0,0
ENSG00000159337,0,0,0,0,0
ENSG00000159339,0,0,0,0,0
ENSG00000159348,0,0,0,0,0
ENSG00000159398,0,0,0,0,0
ENSG00000159399,1,1,0,1,1
ENSG00000159423,0,0,1,0,1
ENSG00000159433,0,0,0,0,0
ENSG00000159445,0,0,0,0,0
ENSG00000159459,0,0,0,0,0
ENSG00000159461,0,0,0,0,0
ENSG00000159495,0,0,0,0,0
ENSG00000159527,0,0,0,0,0
ENSG00000159593,0,0,0,0,0
ENSG00000159640,0,0,0,0,0
ENSG00000159650,0,0,0,1,0
ENSG00000159692,0,0,0,0,0
ENSG00000159714,0,0,0,0,0
ENSG00000159720,0,0,0,0,0
ENSG00000159899,0,0,0,0,0
ENSG00000159921,0,0,0,0,1
ENSG00000160014,0,0,0,0,0
ENSG00000160087,0,0,0,0,0
ENSG00000160179,0,0,0,0,0
ENSG00000160190,0,0,0,0,0
ENSG00000160191,0,0,0,0,0
ENSG00000160194,1,0,0,0,0
ENSG00000160200,0,0,0,0,0
ENSG00000160209,0,0,0,0,0
ENSG00000160211,0,1,0,0,0
ENSG00000160216,0,1,0,0,0
ENSG00000160282,0,0,0,1,0
ENSG00000160285,0,1,0,0,0
ENSG00000160326,0,1,0,1,1
ENSG00000160408,0,0,0,0,0
ENSG00000160439,0,0,0,0,0
ENSG00000160446,0,0,0,0,0
ENSG00000160471,1,0,0,0,0
ENSG00000160688,0,0,0,0,0
ENSG00000160714,0,0,0,0,0
ENSG00000160752,0,1,0,0,0
ENSG00000160868,0,0,0,0,0
ENSG00000160870,0,0,0,0,0
ENSG00000160882,0,0,0,0,0
ENSG00000160883,1,1,0,1,1
ENSG00000161013,0,0,0,0,1
ENSG00000161031,0,0,0,0,0
ENSG00000161133,0,0,0,0,0
ENSG00000161217,0,1,0,0,0
ENSG00000161267,0,0,0,0,0
ENSG00000161281,1,0,0,0,0
ENSG00000161513,0,0,0,0,0
ENSG00000161533,0,0,0,0,0
ENSG00000161653,0,0,0,0,0
ENSG00000161714,0,0,0,0,0
ENSG00000161798,0,0,0,0,0
ENSG00000161896,0,0,0,0,0
ENSG00000161905,0,0,0,0,0
ENSG00000161980,0,0,0,1,0
ENSG00000162040,0,0,0,0,1
ENSG00000162066,0,0,0,0,0
ENSG00000162104,0,0,0,0,0
ENSG00000162139,0,0,0,0,0
ENSG00000162174,0,0,0,1,0
ENSG00000162298,0,0,0,0,0
ENSG00000162341,0,0,0,0,0
ENSG00000162365,0,0,0,0,0
ENSG00000162368,0,0,0,1,1
ENSG00000162383,0,0,0,0,0
ENSG00000162390,0,0,0,0,0
ENSG00000162402,0,0,0,0,0
ENSG00000162407,0,1,0,0,0
ENSG00000162408,0,0,0,0,0
ENSG00000162433,0,0,1,1,1
ENSG00000162482,0,0,0,0,0
ENSG00000162496,0,0,0,0,0
ENSG00000162551,0,0,0,0,0
ENSG00000162572,0,0,0,0,0
ENSG00000162607,0,0,0,0,0
ENSG00000162630,0,0,0,0,0
ENSG00000162688,0,0,0,0,0
ENSG00000162694,0,0,0,0,1
ENSG00000162695,0,0,0,0,0
ENSG00000162813,0,0,0,0,1
ENSG00000162836,0,0,0,0,0
ENSG00000162882,0,0,0,0,0
ENSG00000162885,0,0,0,0,0
ENSG00000163002,0,0,0,1,0
ENSG00000163012,0,0,0,0,0
ENSG00000163082,0,0,0,0,0
ENSG00000163106,0,0,0,0,0
ENSG00000163114,1,0,0,0,0
ENSG00000163131,0,0,0,0,0
ENSG00000163162,0,0,0,0,0
ENSG00000163218,0,0,0,0,0
ENSG00000163281,0,0,0,0,0
ENSG00000163283,0,0,0,0,0
ENSG00000163286,0,0,0,0,0
ENSG00000163295,0,0,0,0,0
ENSG00000163344,0,1,0,0,0
ENSG00000163352,0,0,0,0,0
ENSG00000163393,0,0,0,0,0
ENSG00000163399,0,0,0,0,0
ENSG00000163406,0,0,1,0,0
ENSG00000163481,0,0,0,0,0
ENSG00000163521,0,0,0,0,0
ENSG00000163527,0,0,0,0,1
ENSG00000163541,1,0,0,0,0
ENSG00000163581,0,1,0,1,1
ENSG00000163586,0,1,0,0,1
ENSG00000163590,0,0,0,0,0
ENSG00000163624,0,1,0,0,0
ENSG00000163631,0,0,0,0,0
ENSG00000163655,0,0,0,1,0
ENSG00000163659,0,0,0,0,0
ENSG00000163684,0,0,0,0,0
ENSG00000163686,0,0,0,0,0
ENSG00000163719,0,0,0,0,0
ENSG00000163738,0,0,0,1,0
ENSG00000163743,0,0,0,0,0
ENSG00000163751,0,0,0,0,0
ENSG00000163754,0,0,0,0,0
ENSG00000163755,0,0,0,0,0
ENSG00000163803,0,0,0,0,0
ENSG00000163810,0,0,0,0,0
ENSG00000163812,0,0,0,0,0
ENSG00000163817,0,0,0,0,0
ENSG00000163864,0,0,0,0,0
ENSG00000163882,0,0,0,1,0
ENSG00000163902,0,0,0,0,1
ENSG00000163931,0,1,0,1,0
ENSG00000163958,0,0,0,0,0
ENSG00000163959,0,0,0,0,0
ENSG00000163964,0,0,0,0,0
ENSG00000164023,0,0,0,0,0
ENSG00000164039,0,0,0,0,0
ENSG00000164068,0,0,0,0,1
ENSG00000164089,0,0,0,0,0
ENSG00000164100,0,0,0,0,1
ENSG00000164116,0,0,0,0,0
ENSG00000164120,0,0,0,0,0
ENSG00000164134,0,0,0,0,0
ENSG00000164172,0,0,0,0,0
ENSG00000164181,0,1,0,0,0
ENSG00000164197,0,0,0,0,0
ENSG00000164211,0,0,0,0,0
ENSG00000164258,1,0,0,0,0
ENSG00000164294,0,0,0,0,0
ENSG00000164303,0,0,0,0,0
ENSG00000164329,0,0,0,1,0
ENSG00000164347,0,0,0,0,0
ENSG00000164363,0,0,0,0,0
ENSG00000164398,0,1,0,0,1
ENSG00000164405,1,0,0,0,0
ENSG00000164414,0,0,0,0,1
ENSG00000164434,0,1,0,0,1
ENSG00000164466,0,0,0,0,0
ENSG00000164494,0,0,0,0,0
ENSG00000164535,0,0,0,0,0
ENSG00000164574,0,0,0,0,1
ENSG00000164588,0,0,0,0,0
ENSG00000164638,0,0,0,0,0
ENSG00000164663,0,0,0,0,0
ENSG00000164687,0,1,0,0,1
ENSG00000164707,0,0,0,0,0
ENSG00000164708,1,0,0,0,0
ENSG00000164733,0,0,0,0,0
ENSG00000164742,0,0,0,0,0
ENSG00000164776,0,0,0,0,0
ENSG00000164867,0,0,0,0,0
ENSG00000164879,0,1,0,0,0
ENSG00000164889,0,0,0,0,0
ENSG00000164904,0,0,0,1,1
ENSG00000164919,1,0,0,0,0
ENSG00000164933,0,0,0,0,0
ENSG00000164951,0,0,0,0,0
ENSG00000164978,0,0,0,0,0
ENSG00000165029,0,0,0,0,0
ENSG00000165060,0,0,0,0,0
ENSG00000165078,0,0,0,0,0
ENSG00000165092,0,0,0,0,0
ENSG00000165102,0,0,0,0,0
ENSG00000165140,0,0,0,0,0
ENSG00000165195,0,0,0,0,0
ENSG00000165264,1,0,0,0,0
ENSG00000165269,0,0,0,0,0
ENSG00000165272,0,0,0,0,0
ENSG00000165282,0,0,0,0,0
ENSG00000165338,0,0,0,0,0
ENSG00000165349,0,1,1,1,1
ENSG00000165406,0,0,0,0,0
ENSG00000165434,0,0,0,0,0
ENSG00000165449,0,0,0,0,1
ENSG00000165457,0,0,0,0,0
ENSG00000165458,0,0,0,0,0
ENSG00000165475,0,0,0,0,0
ENSG00000165526,0,0,0,0,0
ENSG00000165591,0,0,0,0,0
ENSG00000165609,0,0,0,0,0
ENSG00000165629,1,0,0,0,0
ENSG00000165646,0,0,0,0,0
ENSG00000165671,0,0,0,0,0
ENSG00000165672,0,0,0,0,0
ENSG00000165688,0,0,0,0,0
ENSG00000165695,0,0,1,1,1
ENSG00000165704,0,0,0,0,0
ENSG00000165782,0,0,0,0,0
ENSG00000165794,0,0,0,0,0
ENSG00000165819,0,0,0,0,0
ENSG00000165841,0,0,0,0,0
ENSG00000165970,0,0,0,0,0
ENSG00000165996,0,1,0,0,0
ENSG00000166016,0,0,0,0,0
ENSG00000166035,0,0,0,0,0
ENSG00000166123,0,0,0,0,0
ENSG00000166126,0,0,0,0,0
ENSG00000166135,0,0,0,0,0
ENSG00000166136,1,0,0,0,0
ENSG00000166165,0,0,0,0,0
ENSG00000166169,0,0,0,1,0
ENSG00000166183,0,0,0,1,0
ENSG00000166224,0,0,0,0,0
ENSG00000166228,0,0,0,0,0
ENSG00000166262,0,0,0,0,0
ENSG00000166311,0,0,0,0,0
ENSG00000166340,0,0,0,0,0
ENSG00000166349,0,0,0,0,0
ENSG00000166391,0,0,0,0,0
ENSG00000166394,0,0,0,0,0
ENSG00000166411,1,0,0,0,0
ENSG00000166479,0,0,0,0,0
ENSG00000166507,0,0,0,0,1
ENSG00000166548,0,0,0,0,0
ENSG00000166562,0,0,0,0,0
ENSG00000166741,0,0,0,0,0
ENSG00000166743,0,0,0,0,0
ENSG00000166747,0,0,0,0,0
ENSG00000166794,0,0,0,0,0
ENSG00000166796,1,0,0,0,0
ENSG00000166800,1,0,0,0,0
ENSG00000166816,0,0,0,1,0
ENSG00000166819,0,0,0,0,0
ENSG00000166825,0,0,1,1,1
ENSG00000166828,0,0,0,0,0
ENSG00000166840,0,0,0,0,0
ENSG00000166908,0,0,0,0,0
ENSG00000166948,0,0,0,0,0
ENSG00000166986,0,0,1,0,0
ENSG00000167004,0,0,0,0,0
ENSG00000167011,0,0,0,0,0
ENSG00000167080,0,0,0,0,0
ENSG00000167103,0,0,0,0,0
ENSG00000167107,0,0,0,0,0
ENSG00000167114,0,1,1,0,1
ENSG00000167130,0,0,0,0,1
ENSG00000167165,0,0,0,0,0
ENSG00000167186,0,0,0,0,0
ENSG00000167261,0,0,0,0,0
ENSG00000167280,0,0,0,0,0
ENSG00000167283,1,0,0,0,0
ENSG00000167306,0,0,0,1,1
ENSG00000167311,0,0,0,0,0
ENSG00000167315,0,0,0,1,1
ENSG00000167325,0,0,0,1,0
ENSG00000167363,0,0,0,0,0
ENSG00000167397,0,0,0,0,0
ENSG00000167419,0,0,0,0,0
ENSG00000167434,0,0,0,0,0
ENSG00000167468,0,0,0,0,0
ENSG00000167508,0,1,0,0,0
ENSG00000167531,0,0,0,0,0
ENSG00000167548,0,0,0,0,0
ENSG00000167580,0,0,0,0,0
ENSG00000167588,0,1,0,0,0
ENSG00000167600,0,0,0,0,0
ENSG00000167658,0,0,0,0,0
ENSG00000167676,0,0,0,0,0
ENSG00000167699,0,0,0,0,0
ENSG00000167701,0,0,0,0,1
ENSG00000167703,0,1,1,1,1
ENSG00000167720,0,0,0,0,0
ENSG00000167733,0,0,0,0,0
ENSG00000167741,0,0,1,1,1
ENSG00000167748,0,0,0,0,0
ENSG00000167751,0,0,0,0,0
ENSG00000167769,0,0,0,0,0
ENSG00000167780,0,1,0,0,0
ENSG00000167792,1,0,0,0,0
ENSG00000167815,0,0,0,0,0
ENSG00000167862,0,0,0,0,0
ENSG00000167863,1,0,0,0,0
ENSG00000167889,0,0,0,0,0
ENSG00000167900,0,0,0,0,0
ENSG00000167910,0,0,0,0,0
ENSG00000167969,0,0,0,0,0
ENSG00000167972,0,0,0,0,0
ENSG00000167996,0,0,0,0,0
ENSG00000168000,0,0,0,0,0
ENSG00000168002,0,0,0,1,0
ENSG00000168003,0,1,1,1,1
ENSG00000168032,0,0,0,0,0
ENSG00000168065,0,0,0,0,0
ENSG00000168092,0,0,0,0,0
ENSG00000168137,0,0,0,0,0
ENSG00000168159,0,0,0,0,0
ENSG00000168237,0,0,0,0,0
ENSG00000168282,0,0,0,0,1
ENSG00000168291,1,0,0,0,0
ENSG00000168306,0,0,0,0,0
ENSG00000168350,0,1,0,0,0
ENSG00000168356,0,0,0,0,0
ENSG00000168393,0,0,0,1,0
ENSG00000168411,0,0,0,0,0
ENSG00000168447,0,0,0,0,0
ENSG00000168487,0,0,0,0,0
ENSG00000168495,0,0,0,1,0
ENSG00000168522,0,0,0,0,0
ENSG00000168575,0,0,0,0,0
ENSG00000168653,1,0,0,0,0
ENSG00000168671,0,0,0,0,0
ENSG00000168679,0,0,0,1,1
ENSG00000168748,0,1,0,0,0
ENSG00000168765,0,0,0,0,0
ENSG00000168781,0,0,0,0,0
ENSG00000168827,0,0,0,0,0
ENSG00000168906,0,1,0,1,0
ENSG00000168907,0,0,0,0,0
ENSG00000168918,0,0,0,0,0
ENSG00000168938,0,0,0,0,0
ENSG00000169020,1,0,0,0,0
ENSG00000169021,1,0,0,0,0
ENSG00000169100,1,0,0,0,0
ENSG00000169105,0,0,0,0,1
ENSG00000169154,0,0,1,1,1
ENSG00000169169,0,1,0,0,1
ENSG00000169180,0,0,0,0,1
ENSG00000169239,1,1,1,1,1
ENSG00000169255,0,0,0,0,0
ENSG00000169299,0,0,0,0,1
ENSG00000169359,0,0,0,0,0
ENSG00000169418,0,0,0,0,0
ENSG00000169432,0,0,0,0,0
ENSG00000169660,0,0,0,0,0
ENSG00000169692,0,1,0,0,0
ENSG00000169710,0,1,0,0,0
ENSG00000169738,0,0,0,0,0
ENSG00000169764,0,0,0,0,1
ENSG00000169814,0,0,0,0,0
ENSG00000169826,0,0,0,0,1
ENSG00000169902,0,0,0,0,0
ENSG00000169919,0,0,0,0,0
ENSG00000170035,0,0,0,0,0
ENSG00000170142,0,0,0,0,0
ENSG00000170185,0,0,0,0,0
ENSG00000170190,0,0,0,1,1
ENSG00000170191,0,0,0,0,0
ENSG00000170222,0,0,0,0,0
ENSG00000170231,0,1,0,0,1
ENSG00000170242,0,0,0,0,0
ENSG00000170266,0,0,0,0,0
ENSG00000170271,0,0,0,0,0
ENSG00000170323,0,1,0,0,1
ENSG00000170340,0,0,0,0,1
ENSG00000170364,0,0,0,0,0
ENSG00000170385,0,0,0,0,0
ENSG00000170426,0,0,0,0,0
ENSG00000170430,0,0,0,0,0
ENSG00000170445,0,0,1,0,0
ENSG00000170482,0,0,0,0,0
ENSG00000170502,0,0,0,0,0
ENSG00000170516,1,0,0,0,0
ENSG00000170522,0,1,0,0,0
ENSG00000170525,0,0,0,0,0
ENSG00000170634,0,0,0,0,0
ENSG00000170734,0,0,0,1,0
ENSG00000170786,0,0,0,0,0
ENSG00000170832,0,0,0,0,0
ENSG00000170835,0,1,0,0,0
ENSG00000170881,0,0,0,0,0
ENSG00000170890,0,0,0,0,0
ENSG00000170899,0,0,0,0,0
ENSG00000170906,1,0,0,0,0
ENSG00000170950,1,1,0,1,1
ENSG00000170961,0,0,0,0,0
ENSG00000171004,0,0,0,0,1
ENSG00000171097,0,0,0,0,0
ENSG00000171100,0,0,0,0,0
ENSG00000171124,0,0,0,0,0
ENSG00000171155,0,0,0,0,1
ENSG00000171174,0,0,0,0,0
ENSG00000171234,0,0,0,0,0
ENSG00000171298,0,0,0,0,0
ENSG00000171302,0,0,0,0,1
ENSG00000171307,0,0,0,0,0
ENSG00000171310,0,0,0,0,1
ENSG00000171314,1,0,0,0,0
ENSG00000171320,0,0,0,0,0
ENSG00000171408,0,0,0,0,0
ENSG00000171428,0,0,0,0,0
ENSG00000171453,0,0,0,1,0
ENSG00000171497,0,0,0,0,0
ENSG00000171503,1,1,1,1,1
ENSG00000171560,0,0,0,0,0
ENSG00000171608,0,0,0,0,0
ENSG00000171612,0,0,0,1,0
ENSG00000171723,0,0,0,0,0
ENSG00000171759,0,0,0,0,0
ENSG00000171766,0,0,0,1,1
ENSG00000171793,0,0,0,1,0
ENSG00000171848,0,0,0,1,0
ENSG00000171862,0,0,0,0,0
ENSG00000171885,0,0,0,0,0
ENSG00000171903,0,0,0,0,0
ENSG00000171954,0,0,0,0,0
ENSG00000171960,0,0,0,0,0
ENSG00000171989,1,0,0,0,0
ENSG00000172009,0,0,0,0,0
ENSG00000172046,0,0,0,0,0
ENSG00000172053,0,0,1,0,0
ENSG00000172113,0,0,0,1,1
ENSG00000172197,0,1,0,0,0
ENSG00000172236,0,0,0,0,0
ENSG00000172264,0,0,0,0,0
ENSG00000172269,0,0,0,0,1
ENSG00000172288,0,0,0,0,0
ENSG00000172292,0,0,0,0,0
ENSG00000172296,0,0,0,0,0
ENSG00000172318,0,0,0,0,0
ENSG00000172331,1,0,0,0,0
ENSG00000172339,0,0,0,0,1
ENSG00000172340,1,0,0,0,0
ENSG00000172345,0,0,0,0,0
ENSG00000172352,0,0,0,0,0
ENSG00000172456,0,0,0,0,0
ENSG00000172461,0,0,0,0,0
ENSG00000172482,0,0,0,0,0
ENSG00000172497,0,0,0,0,0
ENSG00000172508,0,0,0,0,0
ENSG00000172543,0,0,0,0,0
ENSG00000172572,0,0,0,0,0
ENSG00000172613,0,0,0,0,0
ENSG00000172728,0,0,0,0,0
ENSG00000172817,0,0,0,0,0
ENSG00000172828,0,0,0,0,0
ENSG00000172831,0,0,0,0,0
ENSG00000172840,0,0,0,0,0
ENSG00000172890,0,0,0,0,0
ENSG00000172893,0,1,0,0,0
ENSG00000172940,0,0,0,0,0
ENSG00000172954,0,1,0,0,0
ENSG00000172955,0,0,0,1,1
ENSG00000172977,0,0,0,0,0
ENSG00000172985,0,0,0,0,0
ENSG00000172987,0,0,0,0,0
ENSG00000173020,0,0,0,0,0
ENSG00000173083,0,0,0,0,0
ENSG00000173085,0,0,0,0,0
ENSG00000173175,0,0,0,0,0
ENSG00000173193,0,0,0,0,0
ENSG00000173200,0,0,0,0,0
ENSG00000173208,0,0,0,0,0
ENSG00000173221,0,0,0,0,0
ENSG00000173262,0,1,0,1,1
ENSG00000173273,0,0,0,0,0
ENSG00000173281,0,0,0,0,0
ENSG00000173418,0,0,0,0,0
ENSG00000173486,0,0,0,0,0
ENSG00000173540,0,0,0,0,1
ENSG00000173597,0,0,0,0,0
ENSG00000173598,0,0,0,0,0
ENSG00000173599,0,0,0,0,0
ENSG00000173610,0,0,0,0,0
ENSG00000173614,0,0,0,0,0
ENSG00000173627,0,0,0,0,0
ENSG00000173638,0,1,0,0,0
ENSG00000173660,1,0,0,0,0
ENSG00000173786,0,0,0,0,0
ENSG00000173838,0,0,0,0,0
ENSG00000173868,0,0,0,0,0
ENSG00000173915,1,0,0,0,0
ENSG00000173926,0,0,0,0,0
ENSG00000174080,0,0,0,0,0
ENSG00000174156,0,0,0,0,0
ENSG00000174165,0,0,0,0,0
ENSG00000174227,0,0,0,0,0
ENSG00000174233,0,0,0,0,0
ENSG00000174327,0,0,0,0,1
ENSG00000174358,0,0,0,0,0
ENSG00000174437,0,0,0,0,0
ENSG00000174448,0,0,0,0,0
ENSG00000174473,0,0,0,0,1
ENSG00000174502,0,0,0,0,0
ENSG00000174607,0,0,0,0,0
ENSG00000174640,0,0,0,0,0
ENSG00000174669,0,0,0,1,1
ENSG00000174684,0,0,0,0,1
ENSG00000174876,0,0,0,0,0
ENSG00000174886,1,0,0,0,0
ENSG00000174915,0,0,0,0,0
ENSG00000174951,0,0,0,0,0
ENSG00000174990,1,1,1,1,1
ENSG00000175003,0,0,0,0,0
ENSG00000175040,0,0,0,0,1
ENSG00000175048,0,0,0,0,0
ENSG00000175063,0,0,0,0,0
ENSG00000175066,0,0,0,0,0
ENSG00000175164,0,0,0,0,0
ENSG00000175198,0,0,0,0,0
ENSG00000175229,0,0,0,0,0
ENSG00000175264,0,0,0,0,1
ENSG00000175283,0,0,0,0,0
ENSG00000175309,0,0,0,0,0
ENSG00000175445,0,0,0,0,0
ENSG00000175482,0,0,0,1,0
ENSG00000175505,0,0,0,0,0
ENSG00000175535,0,0,0,0,0
ENSG00000175536,0,0,0,0,0
ENSG00000175548,0,0,0,0,1
ENSG00000175564,1,0,0,0,0
ENSG00000175567,1,0,0,0,0
ENSG00000175592,0,0,0,0,0
ENSG00000175711,0,0,0,0,1
ENSG00000175806,0,0,0,0,0
ENSG00000175809,0,0,0,0,0
ENSG00000175893,0,0,0,0,0
ENSG00000175931,0,0,0,0,0
ENSG00000176022,0,0,0,0,1
ENSG00000176095,0,0,0,0,0
ENSG00000176153,0,0,0,0,0
ENSG00000176170,0,0,0,0,0
ENSG00000176340,1,0,0,0,0
ENSG00000176383,0,0,0,0,1
ENSG00000176387,0,0,0,0,0
ENSG00000176393,0,0,0,0,0
ENSG00000176454,0,0,0,0,0
ENSG00000176463,0,0,0,0,0
ENSG00000176485,0,0,0,0,0
ENSG00000176597,0,0,0,0,0
ENSG00000176641,0,0,0,0,0
ENSG00000176715,0,0,0,0,0
ENSG00000176890,0,0,0,1,0
ENSG00000176920,0,0,0,0,0
ENSG00000176928,0,0,0,0,1
ENSG00000176974,0,0,0,1,0
ENSG00000177000,0,0,0,0,0
ENSG00000177054,0,0,0,0,0
ENSG00000177076,0,0,0,0,0
ENSG00000177084,0,0,0,1,0
ENSG00000177108,0,0,0,0,0
ENSG00000177156,0,1,0,1,0
ENSG00000177191,0,0,0,0,1
ENSG00000177192,0,0,0,0,0
ENSG00000177239,0,0,0,0,1
ENSG00000177414,0,0,0,0,0
ENSG00000177465,0,0,0,0,0
ENSG00000177542,0,0,0,0,1
ENSG00000177628,0,0,0,0,0
ENSG00000177646,0,0,0,0,1
ENSG00000177666,0,0,0,0,0
ENSG00000177669,0,0,0,0,0
ENSG00000177700,0,0,0,1,0
ENSG00000177889,0,0,0,0,0
ENSG00000178035,0,0,0,1,0
ENSG00000178127,1,0,0,0,0
ENSG00000178234,0,0,0,0,1
ENSG00000178445,0,0,0,1,0
ENSG00000178537,0,1,1,0,1
ENSG00000178685,0,0,0,0,0
ENSG00000178700,0,1,0,1,0
ENSG00000178741,1,0,0,0,0
ENSG00000178773,0,0,0,0,0
ENSG00000178802,0,0,0,0,1
ENSG00000178814,0,0,0,0,0
ENSG00000178921,0,0,0,1,0
ENSG00000178922,0,0,0,0,0
ENSG00000178952,0,0,0,0,0
ENSG00000179085,0,0,0,0,1
ENSG00000179091,1,0,0,0,0
ENSG00000179115,0,0,1,0,0
ENSG00000179142,0,0,0,0,0
ENSG00000179148,0,0,0,0,0
ENSG00000179163,0,0,0,0,0
ENSG00000179455,0,0,0,0,0
ENSG00000179477,0,0,0,0,0
ENSG00000179520,0,0,0,0,0
ENSG00000179593,0,0,0,0,0
ENSG00000179598,0,0,0,0,0
ENSG00000179761,0,0,0,0,0
ENSG00000179913,0,0,0,0,1
ENSG00000179918,0,0,0,0,0
ENSG00000179958,0,0,0,0,0
ENSG00000180011,0,0,0,0,0
ENSG00000180176,0,0,0,0,0
ENSG00000180185,0,0,0,0,0
ENSG00000180210,0,0,0,0,0
ENSG00000180233,0,0,0,0,0
ENSG00000180251,0,0,0,0,0
ENSG00000180389,1,0,0,0,0
ENSG00000180432,0,0,0,0,0
ENSG00000180537,0,0,0,0,0
ENSG00000180549,0,0,0,0,0
ENSG00000180638,0,0,0,0,0
ENSG00000180767,0,0,0,0,1
ENSG00000180773,0,0,1,0,0
ENSG00000180776,0,0,0,0,0
ENSG00000180817,0,1,1,1,1
ENSG00000181019,0,0,0,0,0
ENSG00000181035,0,1,0,0,0
ENSG00000181045,0,0,0,0,0
ENSG00000181090,0,0,0,0,0
ENSG00000181191,0,0,0,0,0
ENSG00000181192,1,0,0,0,0
ENSG00000181222,0,0,0,1,0
ENSG00000181523,0,0,0,0,0
ENSG00000181555,0,0,0,0,0
ENSG00000181652,0,1,0,0,0
ENSG00000181788,0,0,0,0,0
ENSG00000181789,0,0,0,0,0
ENSG00000181804,0,0,0,0,0
ENSG00000181830,0,0,0,0,1
ENSG00000181852,0,0,0,0,0
ENSG00000181856,0,1,0,1,1
ENSG00000181867,0,0,0,0,0
ENSG00000181915,0,0,0,0,0
ENSG00000182022,0,0,0,0,0
ENSG00000182050,0,0,0,0,1
ENSG00000182054,0,0,0,1,1
ENSG00000182156,0,0,0,0,0
ENSG00000182179,0,0,0,0,0
ENSG00000182197,0,0,0,0,1
ENSG00000182199,0,0,0,0,0
ENSG00000182224,0,0,0,0,0
ENSG00000182247,0,0,0,0,0
ENSG00000182272,0,0,0,0,0
ENSG00000182333,0,0,0,0,0
ENSG00000182415,0,0,0,0,0
ENSG00000182551,0,0,0,0,0
ENSG00000182591,0,0,0,0,0
ENSG00000182601,0,0,0,0,1
ENSG00000182621,0,0,0,0,0
ENSG00000182670,0,0,0,0,0
ENSG00000182793,0,0,0,0,0
ENSG00000182858,0,0,0,0,1
ENSG00000182870,0,0,0,0,1
ENSG00000182890,1,1,1,1,1
ENSG00000182902,0,0,0,0,1
ENSG00000183010,0,0,0,0,0
ENSG00000183023,0,0,0,0,0
ENSG00000183032,0,0,0,1,0
ENSG00000183044,0,0,0,0,0
ENSG00000183048,0,0,0,0,0
ENSG00000183077,0,0,0,0,0
ENSG00000183196,0,0,0,0,1
ENSG00000183463,0,0,0,0,0
ENSG00000183479,0,0,0,0,0
ENSG00000183549,0,0,0,0,0
ENSG00000183648,1,0,0,0,0
ENSG00000183654,0,0,0,0,0
ENSG00000183665,0,0,0,0,0
ENSG00000183696,0,0,0,0,0
ENSG00000183747,0,0,0,0,0
ENSG00000183760,0,0,0,0,0
ENSG00000183778,0,0,0,0,0
ENSG00000183828,0,0,0,0,0
ENSG00000183873,0,0,0,0,0
ENSG00000183921,0,0,0,0,0
ENSG00000183955,0,0,0,0,0
ENSG00000184005,0,0,0,0,0
ENSG00000184076,1,0,0,0,0
ENSG00000184154,0,0,0,0,0
ENSG00000184182,0,0,0,0,0
ENSG00000184207,0,0,0,0,0
ENSG00000184210,0,0,0,0,0
ENSG00000184227,0,0,0,0,0
ENSG00000184254,0,0,0,0,0
ENSG00000184304,0,0,0,0,0
ENSG00000184307,0,0,0,0,0
ENSG00000184343,0,0,0,0,0
ENSG00000184381,0,0,0,0,0
ENSG00000184432,0,0,0,0,0
ENSG00000184470,0,1,0,0,0
ENSG00000184588,0,0,0,0,0
ENSG00000184752,1,0,0,0,0
ENSG00000184787,0,0,0,0,0
ENSG00000184788,0,0,0,0,0
ENSG00000184860,0,0,0,0,0
ENSG00000184979,0,0,0,0,0
ENSG00000184983,1,0,0,0,0
ENSG00000184999,0,0,0,0,0
ENSG00000185000,0,0,0,0,0
ENSG00000185013,0,0,0,0,0
ENSG00000185015,0,1,0,0,0
ENSG00000185052,0,0,0,0,0
ENSG00000185100,0,0,0,1,0
ENSG00000185133,0,0,0,0,0
ENSG00000185274,0,0,0,0,1
ENSG00000185313,0,0,0,0,0
ENSG00000185344,0,0,0,0,0
ENSG00000185345,0,0,0,0,0
ENSG00000185352,0,0,0,0,1
ENSG00000185420,0,0,0,0,0
ENSG00000185527,0,0,0,0,0
ENSG00000185624,0,0,0,0,0
ENSG00000185651,0,0,0,0,0
ENSG00000185803,0,0,0,0,0
ENSG00000185808,0,0,0,0,0
ENSG00000185813,0,0,0,0,0
ENSG00000185818,0,0,0,0,0
ENSG00000185825,0,0,0,0,0
ENSG00000185875,0,0,0,0,0
ENSG00000185883,0,0,0,0,0
ENSG00000185973,0,0,0,0,0
ENSG00000185974,0,0,0,0,0
ENSG00000186009,0,0,0,0,0
ENSG00000186010,1,0,0,0,0
ENSG00000186104,0,0,0,0,0
ENSG00000186111,0,0,0,0,0
ENSG00000186115,0,0,0,0,0
ENSG00000186141,0,0,0,1,0
ENSG00000186153,0,0,0,0,0
ENSG00000186160,0,0,0,0,0
ENSG00000186184,0,0,0,1,0
ENSG00000186187,0,0,0,0,0
ENSG00000186198,0,0,0,0,0
ENSG00000186204,0,0,0,0,0
ENSG00000186281,0,1,0,0,0
ENSG00000186334,0,0,1,0,0
ENSG00000186335,0,0,1,0,0
ENSG00000186377,0,0,0,0,0
ENSG00000186526,0,0,0,0,0
ENSG00000186529,0,0,0,0,0
ENSG00000186591,0,0,0,0,0
ENSG00000186642,0,0,0,0,0
ENSG00000186792,0,0,0,0,0
ENSG00000186815,0,0,0,0,0
ENSG00000186908,0,0,0,0,0
ENSG00000187021,0,0,0,0,0
ENSG00000187024,0,0,0,0,0
ENSG00000187048,0,0,0,0,0
ENSG00000187091,0,0,0,0,0
ENSG00000187097,0,0,0,0,0
ENSG00000187134,0,0,0,0,0
ENSG00000187210,0,0,0,0,1
ENSG00000187486,0,0,0,0,0
ENSG00000187531,0,0,0,0,0
ENSG00000187555,0,0,0,0,0
ENSG00000187566,0,0,0,0,0
ENSG00000187630,0,0,0,0,0
ENSG00000187676,0,0,0,0,0
ENSG00000187714,0,0,0,0,0
ENSG00000187733,0,0,0,0,0
ENSG00000187758,0,0,0,1,1
ENSG00000188050,0,0,0,0,0
ENSG00000188089,0,0,0,0,0
ENSG00000188167,0,0,0,0,0
ENSG00000188257,0,0,0,0,0
ENSG00000188266,0,0,0,0,0
ENSG00000188338,0,0,0,1,1
ENSG00000188467,0,0,0,0,0
ENSG00000188611,0,0,0,0,0
ENSG00000188641,0,0,0,0,0
ENSG00000188676,0,0,0,0,0
ENSG00000188687,1,0,0,0,0
ENSG00000188690,0,0,0,0,0
ENSG00000188706,0,0,0,0,0
ENSG00000188784,0,0,0,0,0
ENSG00000188818,0,0,0,0,0
ENSG00000188833,0,0,0,0,0
ENSG00000188921,0,1,0,0,0
ENSG00000189043,1,0,0,0,0
ENSG00000189221,0,0,0,0,0
ENSG00000189283,0,0,0,0,0
ENSG00000196136,0,0,0,0,0
ENSG00000196139,0,0,0,0,0
ENSG00000196177,0,1,1,0,1
ENSG00000196188,0,0,0,0,0
ENSG00000196262,0,0,0,0,0
ENSG00000196296,0,0,0,0,0
ENSG00000196305,0,0,1,0,0
ENSG00000196313,0,0,0,1,0
ENSG00000196344,0,0,0,1,1
ENSG00000196368,0,0,0,0,0
ENSG00000196371,0,0,0,0,0
ENSG00000196407,0,0,0,0,0
ENSG00000196433,0,0,0,0,0
ENSG00000196470,0,0,0,0,0
ENSG00000196475,0,0,0,0,0
ENSG00000196502,0,0,0,0,0
ENSG00000196511,0,0,0,0,0
ENSG00000196517,0,0,0,0,0
ENSG00000196547,0,0,0,0,1
ENSG00000196616,0,0,0,1,1
ENSG00000196620,0,0,0,0,0
ENSG00000196743,0,0,0,0,0
ENSG00000196839,0,0,0,0,0
ENSG00000196876,0,0,0,0,0
ENSG00000196950,0,0,0,0,0
ENSG00000196968,0,0,0,0,0
ENSG00000197093,0,0,0,0,0
ENSG00000197119,0,0,0,0,0
ENSG00000197121,0,0,0,0,0
ENSG00000197142,0,1,0,0,1
ENSG00000197165,0,0,0,0,0
ENSG00000197208,0,0,0,0,0
ENSG00000197217,0,0,0,0,1
ENSG00000197241,0,1,0,1,1
ENSG00000197249,0,0,0,0,0
ENSG00000197253,0,0,0,0,0
ENSG00000197296,0,0,0,0,0
ENSG00000197323,0,0,0,0,0
ENSG00000197355,0,0,0,0,1
ENSG00000197375,0,1,0,0,0
ENSG00000197406,0,0,0,0,0
ENSG00000197408,0,0,0,0,0
ENSG00000197416,0,1,0,0,1
ENSG00000197417,0,0,0,0,0
ENSG00000197446,0,0,0,0,0
ENSG00000197448,0,0,0,0,0
ENSG00000197496,0,1,0,1,1
ENSG00000197506,0,0,0,0,0
ENSG00000197530,0,0,0,0,0
ENSG00000197563,0,0,0,0,0
ENSG00000197579,0,0,0,0,0
ENSG00000197580,0,0,0,0,0
ENSG00000197586,0,0,0,0,1
ENSG00000197594,0,0,0,0,0
ENSG00000197601,0,0,0,0,0
ENSG00000197713,0,1,0,1,0
ENSG00000197746,0,0,0,0,0
ENSG00000197763,0,1,0,1,0
ENSG00000197818,0,0,0,0,0
ENSG00000197838,0,0,0,0,0
ENSG00000197858,0,0,0,0,0
ENSG00000197888,0,0,0,0,0
ENSG00000197891,0,0,0,0,0
ENSG00000197894,0,0,0,1,1
ENSG00000197901,0,0,0,0,0
ENSG00000197943,0,0,0,0,0
ENSG00000197959,0,0,0,0,0
ENSG00000197977,0,1,0,0,0
ENSG00000198060,0,0,0,0,0
ENSG00000198074,0,0,0,0,0
ENSG00000198075,0,0,0,0,0
ENSG00000198077,0,0,0,0,0
ENSG00000198088,0,0,0,1,0
ENSG00000198099,0,0,0,1,1
ENSG00000198108,0,0,0,0,1
ENSG00000198130,0,0,1,0,0
ENSG00000198162,0,0,0,0,1
ENSG00000198189,0,0,0,0,0
ENSG00000198203,0,0,0,0,0
ENSG00000198246,0,0,0,0,0
ENSG00000198276,0,0,0,0,0
ENSG00000198363,0,0,0,0,0
ENSG00000198373,0,0,0,0,0
ENSG00000198380,0,0,0,0,1
ENSG00000198408,0,0,0,0,0
ENSG00000198431,0,1,0,1,0
ENSG00000198488,0,0,0,0,0
ENSG00000198569,0,0,0,0,0
ENSG00000198610,0,0,0,0,0
ENSG00000198650,0,0,0,1,0
ENSG00000198668,0,0,0,0,0
ENSG00000198682,0,0,0,0,1
ENSG00000198691,0,0,0,0,0
ENSG00000198695,1,0,0,0,0
ENSG00000198704,0,0,0,0,0
ENSG00000198712,1,0,0,0,0
ENSG00000198721,0,0,0,0,0
ENSG00000198727,1,0,0,0,0
ENSG00000198742,0,0,0,0,0
ENSG00000198743,0,0,0,0,0
ENSG00000198754,0,0,0,0,0
ENSG00000198756,0,0,0,0,0
ENSG00000198763,1,0,0,0,0
ENSG00000198786,1,0,0,0,0
ENSG00000198804,1,0,0,0,0
ENSG00000198805,0,0,0,0,0
ENSG00000198814,0,0,0,0,0
ENSG00000198825,0,0,0,0,0
ENSG00000198833,0,0,0,0,0
ENSG00000198840,1,0,0,0,0
ENSG00000198848,0,0,0,0,0
ENSG00000198881,0,0,0,0,0
ENSG00000198886,1,0,0,0,0
ENSG00000198888,1,0,0,0,0
ENSG00000198899,1,0,0,0,0
ENSG00000198919,0,0,0,0,0
ENSG00000198931,0,0,0,0,0
ENSG00000198938,1,0,0,0,0
ENSG00000198951,0,0,0,0,0
ENSG00000198959,0,0,0,0,0
ENSG00000198961,0,0,0,0,0
ENSG00000198964,0,0,0,0,0
ENSG00000203797,0,0,0,0,0
ENSG00000203805,0,1,0,0,0
ENSG00000203837,0,0,0,0,0
ENSG00000203857,0,0,0,0,0
ENSG00000203859,0,0,0,0,0
ENSG00000203972,0,0,0,0,0
ENSG00000204007,0,0,0,0,0
ENSG00000204084,0,0,0,0,0
ENSG00000204099,0,0,0,0,0
ENSG00000204160,0,0,0,0,0
ENSG00000204195,0,0,0,0,0
ENSG00000204227,0,0,0,0,0
ENSG00000204228,0,0,0,0,0
ENSG00000204308,0,0,0,0,0
ENSG00000204310,0,1,0,0,0
ENSG00000204370,1,0,0,0,0
ENSG00000204371,0,0,0,0,0
ENSG00000204385,0,0,0,0,0
ENSG00000204386,0,0,0,0,0
ENSG00000204394,0,0,1,0,0
ENSG00000205060,0,0,0,0,1
ENSG00000205186,0,1,0,0,1
ENSG00000205268,0,0,0,0,0
ENSG00000205309,0,0,0,0,0
ENSG00000205560,0,1,0,0,1
ENSG00000205669,0,0,0,0,0
ENSG00000205678,0,1,0,0,0
ENSG00000205808,0,0,0,0,0
ENSG00000205923,0,0,0,0,0
ENSG00000206077,0,0,0,0,0
ENSG00000206190,0,0,0,0,0
ENSG00000206527,0,1,0,0,0
ENSG00000211445,0,0,0,0,0
ENSG00000211448,0,0,0,0,0
ENSG00000211452,0,0,0,0,0
ENSG00000211456,0,0,0,0,0
ENSG00000212907,1,0,0,0,0
ENSG00000213024,0,0,0,1,0
ENSG00000213160,0,0,0,0,0
ENSG00000213316,0,0,0,0,0
ENSG00000213339,0,0,0,0,0
ENSG00000213366,0,0,0,0,0
ENSG00000213398,0,0,0,0,0
ENSG00000213614,0,0,0,0,0
ENSG00000213619,1,0,0,0,0
ENSG00000213648,0,0,0,0,0
ENSG00000213689,0,0,0,0,0
ENSG00000213722,0,0,0,0,0
ENSG00000213759,0,0,0,0,0
ENSG00000213760,0,0,0,0,0
ENSG00000213920,0,0,0,0,0
ENSG00000213930,0,0,0,0,0
ENSG00000214013,0,0,0,0,0
ENSG00000214160,0,0,0,0,1
ENSG00000214357,0,0,0,0,0
ENSG00000214435,0,0,0,0,0
ENSG00000214530,0,0,0,0,0
ENSG00000215009,0,0,0,0,0
ENSG00000215218,0,0,0,0,0
ENSG00000215883,0,0,0,0,0
ENSG00000218823,0,0,0,1,0
ENSG00000221968,0,1,0,0,0
ENSG00000221988,0,0,0,0,0
ENSG00000223443,0,0,0,0,0
ENSG00000223572,0,0,0,0,0
ENSG00000223802,0,0,0,0,0
ENSG00000224586,0,0,0,0,0
ENSG00000225697,0,0,0,0,0
ENSG00000226784,1,0,0,0,0
ENSG00000227140,0,0,0,0,0
ENSG00000227471,0,0,0,0,0
ENSG00000228253,1,0,0,0,0
ENSG00000228716,0,1,0,1,0
ENSG00000228727,0,0,0,0,0
ENSG00000228856,0,0,0,0,0
ENSG00000229579,0,0,0,0,0
ENSG00000229894,0,0,0,0,0
ENSG00000229937,0,0,0,1,0
ENSG00000230430,0,0,0,0,0
ENSG00000231051,0,0,0,0,0
ENSG00000231637,0,0,0,0,0
ENSG00000231852,0,0,0,0,0
ENSG00000232264,0,0,0,0,0
ENSG00000233276,0,0,0,0,0
ENSG00000234906,0,0,0,0,0
ENSG00000235376,0,1,0,1,0
ENSG00000235780,0,0,0,0,0
ENSG00000235863,0,0,0,0,0
ENSG00000236334,0,0,0,0,0
ENSG00000237172,0,0,0,0,0
ENSG00000237289,0,0,0,0,0
ENSG00000237763,0,0,0,0,0
ENSG00000238205,0,1,0,0,0
ENSG00000239305,0,0,0,0,0
ENSG00000239672,0,0,0,1,1
ENSG00000239900,0,0,0,1,0
ENSG00000240038,0,0,0,0,0
ENSG00000240303,0,0,0,0,1
ENSG00000240344,0,0,0,0,0
ENSG00000240583,0,0,0,0,0
ENSG00000240857,0,0,0,0,0
ENSG00000240891,0,0,0,0,0
ENSG00000240972,0,0,0,0,0
ENSG00000241119,0,0,0,0,0
ENSG00000241343,0,0,0,0,0
ENSG00000241360,0,0,0,0,0
ENSG00000241404,0,0,0,0,0
ENSG00000241468,1,0,0,0,0
ENSG00000241635,0,0,0,0,0
ENSG00000241644,0,0,0,0,0
ENSG00000241837,1,0,0,0,0
ENSG00000241878,0,1,0,0,0
ENSG00000241935,0,0,0,0,0
ENSG00000241973,0,0,0,0,0
ENSG00000242110,0,0,0,0,0
ENSG00000242366,0,0,0,0,1
ENSG00000242515,0,0,0,0,0
ENSG00000242612,0,0,0,0,0
ENSG00000243056,0,0,0,0,0
ENSG00000243477,0,0,0,0,0
ENSG00000243480,0,0,0,0,0
ENSG00000243678,0,0,0,1,1
ENSG00000243708,0,0,0,0,0
ENSG00000243955,0,0,0,0,0
ENSG00000243989,0,0,0,0,0
ENSG00000244038,0,0,0,0,1
ENSG00000244067,0,0,0,0,0
ENSG00000244122,0,0,0,0,0
ENSG00000244474,0,0,0,0,0
ENSG00000244486,0,0,0,0,0
ENSG00000247626,0,0,0,0,0
ENSG00000247746,0,0,0,0,0
ENSG00000248098,0,1,1,0,1
ENSG00000248144,0,0,0,1,1
ENSG00000248933,0,0,0,0,0
ENSG00000249222,1,0,0,0,0
ENSG00000249853,0,0,0,0,1
ENSG00000249948,0,0,0,0,0
ENSG00000250565,0,0,0,0,0
ENSG00000250799,1,1,1,1,1
ENSG00000251287,0,0,0,0,0
ENSG00000253710,0,0,0,0,1
ENSG00000254685,0,0,0,0,0
ENSG00000255072,0,0,0,0,0
ENSG00000255974,0,0,0,0,0
ENSG00000256043,0,0,0,0,0
ENSG00000256269,0,0,0,0,0
ENSG00000256525,0,0,0,1,0
ENSG00000256870,0,0,0,0,0
ENSG00000257335,0,0,0,0,0
ENSG00000257365,0,0,0,0,0
ENSG00000257594,0,0,0,0,1
ENSG00000258429,0,0,0,0,0
ENSG00000259431,0,0,0,0,0
ENSG00000261052,0,0,0,0,0
ENSG00000263353,0,0,0,0,0
ENSG00000263464,0,0,0,0,0
ENSG00000265203,0,0,0,0,0
ENSG00000265491,0,0,0,0,0
ENSG00000266200,0,0,0,0,0
ENSG00000267855,1,0,0,0,0
ENSG00000268104,0,0,0,0,0
ENSG00000271567,0,0,0,0,0
ENSG00000272325,0,0,0,0,0
ENSG00000272333,0,0,0,0,0
ENSG00000273820,0,0,0,0,0
ENSG00000273841,0,0,1,1,1
ENSG00000274252,0,0,1,1,1
ENSG00000274588,0,0,0,0,0
ENSG00000276043,0,0,0,0,0
ENSG00000276293,0,0,0,0,0
ENSG00000276747,0,0,0,0,0
ENSG00000277161,0,0,0,0,0
ENSG00000277494,0,0,0,0,0
ENSG00000277893,0,0,0,0,0
ENSG00000278540,0,1,0,0,0
ENSG00000281500,0,1,0,0,0
ENSG00000288702,0,0,0,0,0
ENSG00000288705,0,0,0,0,0
