Row,energy,lipid,pro_modi,pro_syn,nucl_acid
B0001.4,0,0,0,0,0.000524928784355735
B0024.13,0,0,1,0,0
B0205.6,1,0,0,0,0
B0228.7,0,0,0,0,0
B0250.5,0.00389144030247806,0.0292822001489789,0.0426660716819267,0.000167938637350967,9.02975887959026e-07
B0272.3,1,1,1,0.00445204468885454,0.0142644613772248
B0272.4,0.0016397359045142,0.00153933715078482,0.0030282526684742,0.0022801294981856,0.000156845116485398
B0303.3,1,1,1,0.00353725059471948,0.00315411697032053
B0395.3,4.79212328837723e-06,4.00786585735704e-08,4.16421590382997e-08,4.99811149716568e-08,0
B0491.7,0,0.00281547493093791,0,0,0
B0513.5,0.00102412840078377,0.00196244097565577,0,0.000119607514477541,0.00587274792217406
C01B10.3,0,0,0,0,0
C01B4.6,0,0,0,0,0
C01F1.3,0,1.85761314819773e-09,0,0,0
C01G10.9,0,0,0,0,0
C03A7.13,0,0,0,0,0
C05C10.3,0.0050585396927606,0.00551437927082382,0.0120132243759242,3.17513073421347e-07,0.000347580791523071
C05C8.7,0,0,1,0,0
C06A6.4,2.60661712016649e-05,0.000213958426796653,0.000459743040474943,0,0.000125125110357446
C06G3.5,0,0,0.00022299779562008,0,0
C07D8.6,0,0,0,0,0
C07E3.9,1,1,1,0.00216636399272076,0.0151293969691298
C08B11.8,0,0,1,0,0
C08B6.4,0,0,0,0,0
C08H9.3,0,0,1,0,0
C10C5.3,2.60661712016649e-05,0.000213958426796653,0.000459743040474943,0,0.000125125110357446
C10C5.4,2.60661712016649e-05,0.000213958426796653,0.000459743040474943,0,0.000125125110357446
C10C5.5,2.60661712016649e-05,0.000213958426796653,0.000459743040474943,0,0.000125125110357446
C13B9.2,0,0,0,0,0
C13C4.4,0.00972043599122394,1,1,1,1
C14A4.3,0,0,1,0,0
C14B9.2,0,0,1,0,0
C14E2.4,0,0.000155081929677761,1,0,0
C16A3.5,1,0.222926574069358,0.202160913694656,0.221882585628232,0.188452074690212
C17C3.1,0,1,0,0,0
C17C3.3,0,1,0,0,0
C18E9.4,1,0.222926574069358,0.202160913694656,0.221882585628232,0.188452074690212
C24A3.4,0,0,0,0,0
C25H3.9,1,0.222926574069358,0.202160913694656,0.221882585628232,0.188452074690212
C26D10.4,0,0,0.00181721662589701,0,0
C27A2.12,1.37088611663105e-06,0.000264518108780128,0.000258767315465972,0,0.00149983764395665
C27A7.1,1.37088611554374e-06,0.00026451810878039,0.000258767315467239,0,0.00149983764396419
C27A7.3,1.37088611554374e-06,0.00026451810878039,0.000258767315467239,0,0.00149983764396419
C27A7.5,0.00059344111752507,0.0215424679471693,0.0102068781366315,0.000635970258680301,0.0154882886077649
C27D8.4,7.60227266101981e-06,0.000248115014928814,0.000189038833031674,0,5.67464574614547e-05
C29E4.10,0,0,0,0,0
C29F7.3,0.000459829714620784,1,1,0.000338263930439039,1
C31C9.2,7.87707082483713e-07,0.0658868512911095,0.0321044066108827,0,0.00522660737683046
C31H2.4,0.00132457666373348,0.0248807856642557,0.0452394872753998,0,0
C31H5.6,0,1,0,0,0
C32F10.8,0.00371007744910712,0.00246965599216416,0.00519685850706806,0.00152737929438949,0.0017265779140938
C33A12.1,1,0.222926574069358,0.202160913694656,0.221882585628232,0.188452074690212
C34B2.8,1,0.222926574069358,0.202160913694656,0.221882585628232,0.188452074690212
C34B7.2,0,0,0,0,0
C34C6.4,0,0,0,0,0
C36A4.4,0,0.000211456042217916,1,0,0
C37H5.13,0,1,0,0,0
C39B5.6,0,0,0,0,0
C39D10.3,0.000459829714621026,0.0324603844483535,0.00251527205550675,0.00033826393044099,0.00334798593765055
C42C1.11,0,0,0,0,0
C44B7.12,0,0,0.00022299779562008,0,0
C44B7.7,0,0,0,0,0
C44E12.1,2.60661712016649e-05,0.000213958426796653,0.000459743040474943,0,0.000125125110357446
C47B2.2,0,0,0,0,0
C49F5.5,4.51755697721306e-06,0.0482624214469504,0.0257505873642137,0,0
C50D2.7,0,0,0,0,0
C53A3.2,0,0,0.000170085071408468,0,4.13292939843531e-05
C53D5.5,0,0,0,0,0
C54E4.5,0,0,0,0,0
C55H1.1,0,0,0,0,0
C56A3.8,0,0,0,0,0
C56G3.2,7.60227266126143e-06,0.000239805517606801,0.000141654428974491,0,5.67464574654083e-05
D1005.2,0,1,1,0,0
D2023.4,0,0,0,0,0
D2030.4,1,0.222926574069358,0.202160913694656,0.221882585628232,0.188452074690212
D2063.1,7.60227266077818e-06,0.000248115014930664,0.000189038833033341,0,0.000237472536458965
E01A2.1,0,0,0,0,0
E02H1.6,1,1,1,1,1
F01D4.8,8.31839188492143e-07,1.00789875174991e-05,2.16072882494838e-05,0,5.12888954790906e-06
F01G4.5,0,0,0,0,0
F02A9.4,0.0143816953052275,0.07629373235804,0.170237342619625,1.34471391992916e-05,0
F02E9.7,1.37088611663105e-06,0.000264518108780128,0.000258767315465972,0,0.00149983764395665
F07A11.5,6.24826813704619e-05,0.00175481779332859,0.0022150454041224,0,0.0016672794732223
F08F3.4,0.00138206415705993,0.00112068621471752,0.000565061247897083,0.00100639430634434,0.00223209364296704
F08F8.7,0.00108032751079927,0.17531387103024,0.0488566188171031,0.00135917637663599,0.0890788002800323
F09E5.3,0.00106515480313144,0.0111079927509158,0.0160231491719166,0.000950467356092554,0.0299819298067928
F09G2.8,0.000459829714621147,0.00536211071096646,0.00251527205550699,0.00033826393043969,0.00334798593765261
F10C2.4,0,0,0,0,1
F10D2.8,0,0,0,0,0
F10F2.2,0,0,0,0,1
F12F6.7,0,0,0,0,1
F13B12.4,8.31839188492143e-07,1.00789875174991e-05,2.16072882494838e-05,0,5.12888954790906e-06
F13E6.5,0,1,0,0,0
F13H10.5,0,0,0,0,0
F13H8.9,0,3.2641946505073e-06,0,0,0
F19B6.1,0,2.68403937824113e-09,0,0,0.000524928784351146
F19G12.2,1.96586710905442e-08,0,0,0,1
F21D5.1,0,0.000211456042218979,1,0,0
F23C8.5,1,1,1,0.00464049861483508,1
F25B5.3,0.0210857309942573,0.095356272032322,0.121453872170643,0.00321148941413789,0.032481826412037
F25B5.6,0,0,0,0,0
F25E2.3,0,1,0,0,0
F25H9.6,0,1,0,0,0
F26C11.1,1.37088611663105e-06,0.000264518108780128,0.000258767315465972,0,0.00149983764395665
F26D11.1,1.61363945726044e-05,0.00103413383528034,0.00127633740225215,0,0.00101239107763657
F26E4.4,0,2.6840403745692e-09,0,0,1
F26E4.6,1,1,1,1,1
F26H9.5,7.87738430947984e-07,0.0658868512911083,0.0321044066108849,0,0.00522660737683093
F27D4.1,1,1,1,0.00464049861483508,1
F29C4.2,1,1,1,1,1
F31D4.9,1,0.222926574069358,0.202160913694656,0.221882585628232,0.188452074690212
F32B5.1,0,4.54483976707744e-09,0,0,0
F32D1.5,0.000426757402742363,0.000425414347528906,0,0,0
F32D8.12,5.14306486725593e-05,0.000497774752711397,0.00128659155176843,0,0
F32D8.13,1,0,1,0,0
F33D4.4,0,1,0,0,0
F35C8.5,0,0,0,0,0
F37C12.3,1,0.222926574069358,0.202160913694656,0.221882585628232,0.188452074690212
F38B2.4,1,1,1,1,1
F38B6.4,0,0,0,0,1
F39B2.3,0,0,0,0,0
F40F8.1,0.000459829714620784,1,1,0.000338263930439039,1
F41E6.5,0,0,0.000170085071410373,0,4.13292939856644e-05
F41E7.6,0,0.000111887348413397,0.000115318753716291,0,0
F42F12.3,0,0,0,0,0
F42F12.4,0,0,0,0,0
F42G8.10,1,0.222926574069358,0.202160913694656,0.221882585628232,0.188452074690212
F43G6.5,0,2.6840403745692e-09,0,0,1
F44E7.2,0,0,0.000170085071408468,0,4.13292939843531e-05
F44G4.2,1,0.222926574069358,0.202160913694656,0.221882585628232,0.188452074690212
F45H10.2,1,1,1,1,1
F45H10.3,1,0.222926574069358,0.202160913694656,0.221882585628232,0.188452074690212
F48E8.3,0,0,0.0539177415415727,0,0
F49E2.1,0,0,0,0,0
F49H6.5,0,0,0,0,0
F52B11.2,0,0,1,0,0
F52C9.3,0,0,0,0,0
F53C11.3,0,0.000248309652659705,0.000244857490593401,0,0
F53C3.13,0,1,0,0,0
F53F1.2,0,0,0,0,0
F53F1.3,0,0,0,0,0
F53F10.2,0,4.15322180647888e-09,0,0,0
F53F4.10,1,0.222926574069358,0.202160913694656,0.221882585628232,0.188452074690212
F54C1.1,0,0,0,0,0
F54C8.1,1,1,1,0.00445204468885563,0.0142644613772258
F54D5.12,0,0,0,0,0.000347580791522579
F54D5.7,0.00433836481912902,0.0422511440639459,0.0653344551114925,0,0.00272822701385314
F54D7.2,0.000459829714620905,0.0324603844483526,0.0025152720555077,0.000338263930440557,0.00334798593765371
F55G1.9,0.000440992364696212,0.000155081929677306,1,0.000753602989462335,0.000611070213631927
F57B9.1,0,0,0,0,0
F58A6.1,0,0.00870761133436375,0.00513940637997048,0,0
F58F12.1,1,1,1,1,1
F58F9.1,1.96586710905442e-08,0,0,0,1
F58H1.3,0,0,0,0,0
F59A7.7,8.31839188492143e-07,1.00789875174991e-05,2.16072882494838e-05,0,5.12888954790906e-06
F59B2.3,0.00026107763933807,0.00921476710979083,0.0109142187273023,0,0.00789399126657576
F59C6.5,1,0.222926574069358,0.202160913694656,0.221882585628232,0.188452074690212
H14N18.4,0,0,0,0,0
H23N18.4,0,0,0,0,0
H24K24.3,1.54085376929429e-05,0.000484849879587973,0.000330693262006999,0,0.000237472536452572
H28O16.1,1,1,1,1,1
H43I07.3,0,0,1,0,0
K01C8.1,0,0,4.34905516930476e-05,0,0
K02D7.1,0.00613701205274617,0.0855146324155148,0.0810813346867788,0.0016729840155722,0.0306121506824047
K03H1.13,0,0,0.00181721662589701,0,0
K04A8.10,0,0,0,0,0
K04C2.2,0,0,0,0,1
K05B2.4,0,1,0,0,0
K07B1.4,0,0,0,0,0
K07E3.4,0.00127641762219239,0.00500575345121074,0.0322952905787515,0.00103422183963292,0.0355351769907201
K08E3.5,0,1,1,0,0
K09A9.6,0,0.000211456042220892,0.00180458909330877,0,0
K09E4.2,0,0,1,0,0
K09H11.7,0,0,0.000170085071408468,0,4.13292939843531e-05
K10D2.7,0,0,0,0,0
K11H3.3,0,0.0228765646008504,0.208660627514713,0,0.00286019044830551
K12H4.7,1,1,1,1,1
M01E11.1,0,0,0,0,0
M04D5.1,0,0,1,0,0
M05B5.4,1.6990006365647e-05,1.69738102678635e-05,6.24272925771985e-06,7.6270308872397e-06,5.7668782264907e-06
M153.1,0.000440992364696212,0.000155081929677306,1,0.000753602989462335,0.000611070213631927
M57.2,0,0,0,0,0
R01H10.7,0,0,0,0,0
R02D3.1,0.00539508859575852,0.0478852411779966,0.0649298960157607,0,0.01161391486002
R04B3.2,0,0.000211456042220467,0.00180458909330864,0,0
R04B5.5,0,0.000236734864659444,0.00014165442897461,0,1.10446124717935e-06
R04B5.6,0,0.000236734864659444,0.00014165442897461,0,1.10446124717935e-06
R04F11.2,1,1,1,1,1
R04F11.3,0,0,0,0,1
R05D11.9,0,2.68403909357596e-09,0,0,0
R05D3.6,1,1,1,1,1
R05F9.6,0.00209082125186875,1,1,0.00223739888077476,0.0239360050197148
R05G6.5,0.000459829714619938,1,1,0.341011050597321,1
R07E4.3,1,1,1,1,1
R07H5.8,0,0.0501128298418318,0,0,0.000510462300121564
R08D7.7,0,0,0,0,0
R08F11.1,0,1.85761357446479e-09,0,0,0
R09D1.14,0,0,0,0,0
R102.4,0.000893440519650732,0.00366343043041451,0.00169221061099772,0.000910508392187456,0.0138091363278427
R10D12.15,0,0,0,0,0
R10H10.6,0,0,0,0,0
R11F4.1,0.000140517673665696,0.00125754423373868,0.0010201276815535,0,0.00114741987180733
R12E2.11,0,0,0,0,1
R151.2,0,0,0,0,1
R53.4,1,1,1,1,1
T01B11.2,0.000345647101567113,0.00160850573105021,0.00640410797727466,3.17401347618267e-08,0.00411861609672909
T01D1.4,0,0,0,0,0
T01G1.4,0,0,1,0,0
T02G5.7,1,1,1,0.00263054517035176,0.00613110056940837
T02H6.11,1,1,1,1,1
T03D8.6,0,0,0,0,0
T03F6.3,0.000353111794124495,0.0104495515796452,0.0105329203626904,0,0.0103442282562549
T03G6.3,0,0,0,0,0
T04A8.7,0,0,0,0,0
T05C3.6,0.000459829714621147,0.00536211071096646,0.00251527205550699,0.00033826393043969,0.00334798593765261
T05E7.1,0,1,0,0,0
T05G5.5,0,1,0,0,0
T05H4.4,0.000229739424121773,0.0370671541377256,0.00206177223739523,0.000553086907497587,5.67464574692038e-05
T05H4.7,0,0,0,0,0
T07F10.1,0,0,0,0,0
T08H10.1,0,0,0,0,0
T09B4.8,0.0019740662441955,0.0178466553043457,0.0323149629683296,0.00153030439205973,0.0105544002687457
T12A2.1,0.000478219049564512,0.000647551387782082,0.00478153734271191,3.51268296804331e-05,0.00685999748678416
T12B3.3,0.057719258936541,1,1,0.0012476227814216,0.0108112745974058
T13G4.4,0,0,0,0,0
T15H9.6,0,2.6840403745692e-09,0,0,1
T19B4.3,0,2.68404051690179e-09,0,0,0.00942243626039077
T19H12.6,0,0,0,0,0
T19H5.6,0,0,0,0,0
T20B3.1,0,0.000111887348413397,0.000115318753716291,0,0
T20D3.8,0,0,0,0,0
T20H4.5,1,0.222926574069358,0.202160913694656,0.221882585628232,0.188452074690212
T21C9.6,0,0,0.00483733005628398,0,0.00463276596765787
T21F4.1,0.00250605381371913,0.0143130858213507,0.0248835614255955,0.00138877704901086,0.0144213793098288
T22D1.3,0,0,0,0,0.0183279073219496
T22F3.3,0.00106600680307398,0.0231144601290442,0.0270735756948734,0.000196809292371894,0.0214493589869421
T22G5.1,0.057719258936541,1,1,0.0012476227814216,0.0108112745974058
T24C12.3,0,0,0,0,0
T24C4.5,0,0,0,0,1
T25B9.1,0.00138206415706029,0.00112068621471801,0.000565061251021076,0.00100639430882617,0.00223209364296103
T25B9.9,2.125278925229e-05,0.15116273910362,0.0382624066798661,0,0.00108312576827259
T25C8.1,0.00105535454025371,0.00359953540431537,0,0.00170108861524578,0
T25D3.3,8.31839188492143e-07,1.00789875174991e-05,2.16072882494838e-05,0,5.12888954790906e-06
T25G3.4,0,0.00112210793373288,0,0,3.19809436827566e-05
T26A5.8,0,0,0,0,1
T26E3.7,1,1,1,1,1
T26F2.1,0,0,0,0,0
T27A3.6,0,0,0,0,0
T27E9.2,1,1,1,1,1
T27F6.6,0,2.68403909357596e-09,0,0,0
T28D9.3,0,1,0,0,0
T28F3.5,0,1,0,0,0
W02F12.2,0,0,0,0,0
W02H5.8,0,0,0,0,0
W03D8.8,0,1,0,0,0
W06B4.2,0.000163592148248787,0.000265402418778704,0.000415117705569003,0,0.000296790292689673
W06E11.1,0,2.6840403745692e-09,0,0,1
W07E11.1,0.000131687104659111,0.000307774656618719,0.000387133875280266,0.00117752421990667,0
W07E6.3,0,1,0,0,0
W09C3.4,0,2.6840403745692e-09,0,0,1
W09C5.8,1,1,1,1,1
W10C8.5,0,4.54483976707744e-09,0,0,0
Y105C5B.3,0,0,0,0,0
Y105E8A.20,0,2.68404151322986e-09,1,1,0
Y105E8B.9,0,0,0,0,0
Y106G6E.4,0,0,0,0,0
Y10G11A.1,0.0210857309942573,0.095356272032322,0.121453872170643,0.00321148941413789,0.032481826412037
Y17G7B.3,0,0,0,0,0
Y19D10A.16,0,0,0,0,0
Y37B11A.2,0,0,0,0,1
Y37B11A.3,0,0.0228765646008504,0.208660627514713,0,0.00286019044830551
Y37E3.11,0.000459829714621026,0.0324603844483535,0.00251527205550675,0.00033826393044099,0.00334798593765055
Y38F2AR.12,0,0,0,0,0
Y39B6A.3,1,0,0,0,0
Y39G8B.1,2.3214802724866e-05,0.000946939458636635,0.000566617715896655,7.51200642428368e-06,0.000171343833652893
Y39G8B.2,0,0,0,0,0
Y41D4A.6,0,0,0,0,0
Y43F4A.4,1,1,1,0.000606160305394169,0.0046853178250793
Y43F4B.5,0.00550156791491755,1,1,0.00405158001222108,0.0389443506702695
Y43F8B.19,0,0.000155081929677761,1,0,0
Y44A6D.5,1,1,1,0.000606160305394169,1
Y45F10D.4,1,0,0,0,0
Y45G12B.3,0,0,0,0,0.000347580791522579
Y47D3A.29,0,0,0,0,1
Y47D9A.1,0,0,1,0,0
Y47G6A.9,0,2.6840403745692e-09,0,0,1
Y48A6B.9,0,0,0,0,0
Y48B6A.13,1,0,1,0,0
Y48E1B.3,0,0,0,0,0
Y48G10A.1,0,3.95058798688529e-05,0,0,0
Y48G8AL.15,0.000459829714619938,1,1,0.341011050597321,1
Y49E10.4,0,0,1,0,0
Y50E8A.6,0,0.00112210793373288,0,0,3.19809436827566e-05
Y51A2D.13,0.000459829714621147,0.00536211071096646,0.00251527205550699,0.00033826393043969,0.00334798593765261
Y51H1A.3,1,0.222926574069358,0.202160913694656,0.221882585628232,0.188452074690212
Y51H4A.7,0.000478219049564512,0.000647551387782082,0.00478153734271191,3.51268296804331e-05,0.00685999748678416
Y51H7C.9,0,0,4.34905516930476e-05,0,0
Y52B11C.1,0,0,0,0,0
Y53F4B.3,0,0,0,0,1
Y53G8AL.2,1,0.222926574069358,0.202160913694656,0.221882585628232,0.188452074690212
Y53G8B.1,0.00132457666373179,0.0248807856642572,0.0452394872753998,0,0
Y53G8B.2,0,0,0,0,0
Y54F10AM.5,1,0.222926574069358,0.202160913694656,0.221882585628232,0.188452074690212
Y56A3A.19,1,0.222926574069358,0.202160913694656,0.221882585628232,0.188452074690212
Y56A3A.36,0,0,1,0,0
Y57G11C.3,0,0.150049688897778,0.0375349925532979,0,5.04868586379899e-05
Y62E10A.13,0,0.0661514421892651,0.0323593445094585,7.34680601207119e-06,0.00531519176204797
Y63D3A.7,1,0.222926574069358,0.202160913694656,0.221882585628232,0.188452074690212
Y65B4A.8,0,1,0,0,0
Y66D12A.7,0,0,0,0,0
Y69A2AL.2,1,1,1,0.00216636399272076,0.0151293969691298
Y69A2AR.18,1,1,1,1,1
Y71F9B.9,0,0,0,0,0
Y71G12B.10,0.0122424653630703,0.069766418687324,0.0187301679341611,5.85924466553987e-06,0
Y71H10B.1,0.0210857309942573,0.095356272032322,0.121453872170643,0.00321148941413789,0.032481826412037
Y71H2AM.2,0,0,0,0,0
Y71H2AM.4,1,0.222926574069358,0.202160913694656,0.221882585628232,0.188452074690212
Y71H2AM.5,1,1,1,1,1
Y71H2AM.6,0,1,0,0,0
Y73B6BL.29,0,0,0,0,0
Y75B8A.24,0,0,0,0,0
Y76A2B.5,0,0,0,0,0
Y7A9A.1,0,0,0,0,0
Y82E9BR.3,1,1,1,1,1
Y94H6A.7,1.37088611663105e-06,0.000264518108780128,0.000258767315465972,0,0.00149983764395665
Y97E10AR.2,0,0,0,0,0
ZC155.4,0.057719258936541,1,1,0.0012476227814216,0.0108112745974058
ZC262.5,1,1,1,1,1
ZC373.5,0,0,0,0,0
ZC395.10,0,0,0,0,0
ZC416.6,0,0,0,0,0
ZC434.8,0,4.54483976707744e-09,0,0,0
ZC443.1,0,0,0,0,0
ZC513.5,0,0,1,0,0
ZC8.6,0,0,0,0,0
ZK1058.3,0.000120944447278757,0.00514070421929504,0.00707297600961553,0,0.0050364069884499
ZK370.4,6.1664732885744e-05,0.00110203356286936,0.000620455377902159,4.97535667762727e-05,0.000123606352370907
ZK563.7,0,0,0,0,0
ZK632.4,0,0,1,0,0
ZK643.2,0,0,0,0,0
ZK673.2,0,0,0.0022809999588528,0,0.00286019044830928
ZK792.1,1.37088611663105e-06,0.000264518108780128,0.000258767315465972,0,0.00149983764395665
ZK809.3,1,0.222926574069358,0.202160913694656,0.221882585628232,0.188452074690212
ZK892.4,0,0,0,0,0
ZK973.11,0,0,1,0,0
aagr-1,0.000291086491045591,0.0109338126799356,0.0135879389138313,0,0.0102554317875519
aagr-2,0.000291086491045591,0.0109338126799356,0.0135879389138313,0,0.0102554317875519
aagr-3,0,0,1,0,0
aagr-4,0,0,1,0,0
aap-1,0,0,0,0,0
aars-1,0,0,0,0,0
aars-2,0,0,1,1,0
abhd-12,0.000220378560811481,0.0069562897494205,0.00455925315776008,0,0
acaa-2,1,1,1,0.00353725059471948,0.00315411697032053
acdh-1,1,1,1,0.00445204468885411,0.00797959444482432
acdh-10,1,0.0519381134569635,1,0.00263054517035393,0.000156845116485398
acdh-12,0.0037760855767755,0.00113927933749311,0.000571325956301315,0.00263054517035371,0.000156845116482235
acdh-2,1,1,1,0.00445204468885411,0.00797959444482765
acdh-3,0.06582195975394,0.337347614203666,1,0.000606160305394169,0.00468531782508278
acdh-7,1,0.0519381134569635,1,0.00263054517035393,0.000156845116485398
acdh-8,1,0.0519381134569635,1,0.00263054517035393,0.000156845116485398
acdh-9,0.00389144030247806,0.0292822001489789,0.0426660716819267,0.000167938637350967,9.02975887959026e-07
ace-1,0,1.85761300610871e-09,0,0,0
ace-2,0,1.85761300610871e-09,0,0,0
ace-4,0,1.85761300610871e-09,0,0,0
acl-1,0,1,0,0,0
acl-11,0,1,0,0,0
acl-13,0,0.00112953808395717,0,0,0
acl-14,0,0.00112953808395717,0,0,0
acl-2,0,1,0,0,0
acl-4,0,1,0,0,0
acl-5,0,1,0,0,0
acl-6,0,1,0,0,0
acl-7,0,1,0,0,0
acl-8,0,1,0,0,0
acl-9,0,1,0,0,0
acly-1,0,0.0228765646008503,0.208660627514714,0,0
acly-2,0,0.0228765646008503,0.208660627514714,0,0
aco-1,0,0.000899013492389982,0.000142601552407676,0,0
aco-2,0.00584761550535879,0.00563320668283288,0.00785709183983847,0.00528529184583597,0.00280721944262888
acox-1.1,0.000659027845759964,1,0.0251301648745366,4.25906441965282e-05,0
acox-1.2,2.14738640484663e-05,1,0.0191294375332706,2.82718835780943e-06,0
acox-1.3,2.14738640484663e-05,1,0.0191128905028464,2.82718835867652e-06,0
acox-1.4,2.15016176984349e-05,1,0.0191128905028449,2.82718587965757e-06,0
acox-1.5,2.14738640484663e-05,1,0.0191128905028464,2.82718835954361e-06,0
acox-1.6,2.14738640484663e-05,1,0.0191128905028464,2.82718835954361e-06,0
acox-3,2.39037885286031e-05,1,0.0191128905028444,3.96604283391261e-06,0
acp-1,0,0,0,0,3.37939064076518e-06
acp-2,1.37088611663105e-06,0.000264518108780128,0.000258767315465972,0,0.00149983764395665
acp-3,1.37088611663105e-06,0.000264518108780128,0.000258767315465972,0,0.00149983764395665
acp-7,1.37088611663105e-06,0.000264518108780128,0.000258767315465972,0,0.00149983764395665
acs-13,1,1,1,0.00263054517035501,0.000156845116484924
acs-14,0,0,0,0,0
acs-15,1,1,1,0.00263054517035501,0.000156845116484924
acs-17,1,1,1,0.00263054517035501,0.000156845116484924
acs-18,1,1,1,0.00263054517035501,0.000156845116484924
acs-19,0,0,0,0,0
acs-2,1,1,1,0.00263054517035501,0.000156845116484924
acs-20,0,0,0,0,0
acs-22,0,0,0,0,0
acs-3,1,1,1,0.00263054517035501,0.000156845116484924
acs-4,1,1,1,0.00263054517035501,0.000156845116484924
acs-5,1,1,1,0.00263054517035501,0.000156845116484924
acs-6,0,0,0,0,0
acsd-1,5.6423056448287e-08,0,0.00290715297982547,0,0
acy-1,0,0,0,0,0
acy-2,0,0,0,0,0
acy-4,0,0,0,0,0
ads-1,0,1,0,0,0
adsl-1,0,0,0,0,1
adss-1,0,0,0,0,1
afmd-1,0.000108310455654823,0.00132633358658435,0.00650700448196981,0,0.00172372784884597
age-1,0,0,0,0,0
agl-1,0.00106600680307398,0.0231144601290442,0.0270735756948734,0.000196809292371894,0.0214493589869421
agmo-1,0,0,0,0,0
agxt-1,0.00190573664820699,0.0178466553043425,0.0316881580078344,0.00153030439205951,0.0104417593146662
ahcy-1,0,1,1,0,0
aldo-1,0.00355808601809965,0.0413037722310701,1,0,1
aldo-2,0.00355808601809965,0.0413037722310701,1,0,1
algn-1,0,0,1,0,0
algn-11,0,0,1,0,0
algn-13,0,0,1,0,0
algn-14,0,0,1,0,0
algn-2,0,0,1,0,0
algn-7,0,0,1,0,0
alh-1,0,0.0110220415897037,0.00868976466828109,0,0
alh-11,0,0.0242717252686276,0.001048137182008,0,0
alh-12,0,0.0242717252686276,0.001048137182008,0,0
alh-13,0,0,1,0,0
alh-2,0,0.0499152115178285,0.0241154281779162,0,0
alh-3,0,0,0,0,0
alh-4,0,0.0499152115178288,0.0241154281779162,0,0
alh-5,7.60227266065737e-06,0.000476251886286413,0.000325206646799122,0,5.67464574669897e-05
alh-6,0.00482450660445932,0.0181279863098826,0.0210820075025281,0.00151532035971851,0.0187481644747038
alh-7,0,0,0,0,0
alh-8,0.00761307773205001,0.0425179413075111,0.0606665837736306,0.00154560753075216,0.000321402188967506
alh-9,0.00539508859575888,0.0478852411779973,0.065315392767256,0,0.01161679984382
ama-1,0,2.6840403745692e-09,0,0,1
aman-2,0,0,1,0,0
ampd-1,0.000579897766409475,0.000573368917873246,0.000184228956480616,0.00103422183699089,0
amx-2,0,0,0,0,0
anmt-1,0,0,0,0,0
anmt-3,0,0,0,0,0
ant-1.1,0.390949791010655,0.370895858280569,0.31281767402834,0.356581848818606,0.306713323441293
ant-1.2,0.390949791010655,0.370895858280569,0.31281767402834,0.356581848818606,0.306713323441293
ant-1.3,0.390949791010655,0.370895858280569,0.31281767402834,0.356581848818606,0.306713323441293
ant-1.4,0.390949791010655,0.370895858280569,0.31281767402834,0.356581848818606,0.306713323441293
apy-1,0,0,0,0,0
ard-1,0.00323724131209753,0.0281579366970399,0.0463669485755372,0.000420351083373766,0.00266098443871415
argk-1,0,4.54483976707744e-09,0,0,0
art-1,0,1,0,0,0
asah-1,0,0,0,0,0
asah-2,0,0,0,0,0
asb-1,1,1,1,1,1
asb-2,1,1,1,1,1
asg-1,1,1,1,1,1
asg-2,1,1,1,1,1
asm-1,0,2.68403909357596e-09,0,0,0
asm-2,0,2.68403909357596e-09,0,0,0
asm-3,0,2.68403909357596e-09,0,0,0
asns-1,0,0,0,0,0
asns-2,0,0,0,0,0
asp-1,1,1,1,1,1
asp-2,1,1,1,1,1
asp-3,1,1,1,1,1
asp-5,1,1,1,1,1
atgl-1,0.000624648698560722,0.0200860246431861,0.0134739183654902,0,0
ath-1,6.1664732885744e-05,0.00110203356286936,0.000620455377902159,4.97535667762727e-05,0.000123606352370907
atic-1,0.000693420484754946,0.000685623021954813,0.000184228958846987,0.00103422183963032,1
atp-2,1,1,1,1,1
atp-3,1,1,1,1,1
atp-5,1,1,1,1,1
atp-6,1,1,1,1,1
bas-1,0,0,0,0,0
bca-1,0.0175847610607818,0.124604460446739,1,1.55084559023261e-05,0.0160080475482974
bca-2,0.00295362106542052,0.0802562379566505,0.00440044289444628,0,0.0134595438841634
bcat-1,1,1,1,0.000606160305394169,1
bckd-1A,1,1,1,0.000606160305394169,0.0046853178250793
bckd-1B,1,1,1,0.000606160305394169,0.0046853178250793
bcmo-1,0,2.39573809637371e-05,4.73844040582545e-05,0,0
bcmo-2,0,0,0,0,0
bgal-1,4.84896328628659e-05,0.00236186357347971,0.00328718104492623,0,0.00247014617563174
bgal-2,0,0,0,0,0
bli-3,0,0,1,0,0
bli-4,0,0,1,0,0
bpnt-1,0,0,0,0,0
bre-1,0,0,1,0,0
bre-4,0,0,0,0,0
bus-18,0,1,0,0,0
cah-1,0.00295362106542052,0.0802562379566505,0.00440044289444628,0,0.0134595438841634
cah-2,0.00295362106542052,0.0802562379566505,0.00440044289444628,0,0.0134595438841634
cah-3,0.00295362106542052,0.0802562379566505,0.00440044289444628,0,0.0134595438841634
cah-4,0.0175847610607818,0.124604460446739,1,1.55084559023261e-05,0.0160080475482974
cah-5,0.00586697624217196,1,0.00864233408753857,0,1
cah-6,0.00295362106542052,0.0802562379566505,0.00440044289444628,0,0.0134595438841634
cars-1,0,2.68404151322986e-09,1,1,0
cat-1,0,4.54483905541453e-09,0,0,0
cat-2,0,0,0,0,0
cat-4,0,2.68403952057371e-09,0,0,0
catp-1,0,0,0,0,0
catp-2,0,0,0,0,0
catp-3,0,0,0,0,0
catp-4,0,0,0,0,0
cbl-1,7.94892015982867e-07,0.00760162875149308,1,0,2.22567984764113e-06
cbp-1,4.51755697721306e-06,0.0482624214469504,0.0257505873642137,0,0
cbs-1,0,0.00759887064250326,1,0,0
cbs-2,0,0.00759887064250326,1,0,0
cchl-1,1,0,0,0,0
cco-1,1,1,1,1,1
cco-2,1,1,1,1,1
cdd-1,0.000449359429742567,0.00583499265251996,0.00694461956168204,0.000769780085800635,0
cdd-2,0.000449359429742567,0.00583499265251996,0.00694461956168204,0.000769780085800635,0
cdgs-1,0,1,0,0,0
cdo-1,8.55840632684391e-05,0,0,0,0.00064022217058431
ceeh-1,0,0,0,0,0
ceeh-2,0,0,0,0,0
cept-1,0,1,0,0,0
cept-2,0.000459829714620784,1,0.00251527205550818,0.000338263930438823,0.00334798593765308
cerk-1,0,0,0,0,0
cgt-1,0,1,0,0,0
cgt-2,0,1,0,0,0
cgt-3,0,1,0,0,0
cha-1,0,0,0,0,0
chil-1,0,0,0,0,0
chil-11,0,0,0,0,0
chil-12,0,0,0,0,0
chil-13,0,0,0,0,0
chil-15,0,0,0,0,0
chil-16,0,0,0,0,0
chil-17,0,0,0,0,0
chil-18,0,0,0,0,0
chil-19,0,0,0,0,0
chil-2,0,0,0,0,0
chil-20,0,0,0,0,0
chil-21,0,0,0,0,0
chil-22,0,0,0,0,0
chil-23,0,0,0,0,0
chil-24,0,0,0,0,0
chil-25,0,0,0,0,0
chil-27,0,0,0,0,0
chil-3,0,0,0,0,0
chil-4,0,0,0,0,0
chil-5,0,0,0,0,0
chil-6,0,0,0,0,0
chil-7,0,0,0,0,0
chil-8,0,0,0,0,0
chil-9,0,0,0,0,0
chs-1,0,0,1,0,0
chs-2,0,0,1,0,0
cht-1,0,0,0,0,0
cht-2,0,0,0,0,0
cht-4,0,0,0,0,0
chup-1,0,0,0,0,0
cka-1,0,0.029561588566053,0,0,0
cka-2,0,0.029561588566053,0,0,0
ckb-1,0,0.029561588566053,0,0,0
ckb-2,0,0.029561588566053,0,0,0
ckb-3,0,0.029561588566053,0,0,0
ckb-4,0,0.0295615885660541,0,0,0
ckc-1,0,0,0,0,0
clk-1,0,0,0,0,0
coq-1,0,0,0,0,0
coq-2,0,0,0,0,0
coq-3,0,0,0,0,0
coq-5,0,0,0,0,0
coq-6,0,0,0,0,0
cox-10,1,0,0,0,0
cox-15,1,0,0,0,0
cpin-1,0.000478219049564271,0.000647551387782343,0.0047815373427087,3.51268321577179e-05,0.00684019970637748
cpt-1,0.00510094392778723,0.0212277318711718,0.0381410603431167,0.00263054517035371,0.000156845116482393
cpt-2,0.00545722106527238,0.0216364185395945,0.0386808161822116,0.00263054517035371,0.000156845116478914
cpt-3,0.00510094392778723,0.0212277318711718,0.0381410603431167,0.00263054517035371,0.000156845116482393
cpt-4,0.00510094392778723,0.0212277318711718,0.0381410603431167,0.00263054517035371,0.000156845116482393
cpt-5,0.00510094392778723,0.0212277318711718,0.0381410603431167,0.00263054517035371,0.000156845116482393
cpt-6,0.00510094392778723,0.0212277318711718,0.0381410603431167,0.00263054517035371,0.000156845116482393
crls-1,0,1,0,0,0
ctb-1,1,1,1,1,1
ctc-1,1,1,1,1,1
ctc-2,1,1,1,1,1
ctc-3,1,1,1,1,1
cth-1,7.94892015982867e-07,0.00760162875149308,1,0,2.22567984764113e-06
cth-2,7.94892015982867e-07,0.00760162875149308,1,0,2.22567984764113e-06
ctl-1,2.21269630309089e-07,0.0108998677453808,0.0113230184408668,7.42759218933921e-08,3.36401230152618e-05
ctl-2,2.21269630309089e-07,0.0108998677453808,0.0113230184408668,7.42759218933921e-08,3.36401230152618e-05
ctl-3,2.21269630309089e-07,0.0108998677453808,0.0113230184408668,7.42759218933921e-08,3.36401230152618e-05
ctps-1,0,0,0,0,1
cts-1,0.131018947838268,0.0266486928181479,0.0784673209358649,0.0578096832104634,0.0132900808839011
cyc-1,1,1,1,1,1
cyc-2.1,1,1,1,1,1
cyc-2.2,1,1,1,1,1
cyp-29A4,0,0,0,0,0
cyp-32A1,0,0,0,0,0
cyp-32B1,0,0,0,0,0
cyp-35A1,0,0,0,0,0
cyp-35A2,0,0,0,0,0
cyp-35A4,0,0,0,0,0
cyp-35A5,0,0,0,0,0
cyp-37A1,0,0,0,0,0
cyp-37B1,0,0,0,0,0
cysl-1,8.31839188492143e-07,1.00789875174991e-05,2.16072882494838e-05,0,5.12888954790906e-06
cysl-2,8.31839188733767e-07,1.00789875202428e-05,2.16072882505555e-05,0,5.12888954790906e-06
cysl-3,8.31839188492143e-07,1.00789875174991e-05,2.16072882494838e-05,0,5.12888954790906e-06
cysl-4,8.31839188492143e-07,1.00789875174991e-05,2.16072882494838e-05,0,5.12888954790906e-06
daao-1,0,8.11642863863255e-05,0.000378576449265883,0,4.80573185215814e-06
daf-11,0,0,0,0,0
daf-18,0,0,0,0,0
daf-22,0.000659027845759964,1,0.0251301648745366,4.25906441965282e-05,0
daf-9,0,0,0,0,0
dao-3,0.000108513530196932,0.00495675693119504,0.0322143775039625,0,0.0096103644441123
dars-1,0,0,1,1,0
dars-2,0,0,0,0,0
dbt-1,1,1,1,0.000606160305394169,0.0046853178250793
ddo-1,0,0,0.000242907418697517,0,0.000145133102143794
ddo-2,0,0,0.000242907418697517,0,0.000145133102143794
ddo-3,0,0,0.000242907418697517,0,0.000145133102143794
decr-1.2,0.000115997029465208,5.57748359100694e-05,3.23280717699577e-05,4.2590644197612e-05,0
decr-1.3,0.000115997029465208,5.57748359100694e-05,3.23280717699577e-05,4.2590644197612e-05,0
dgat-2,0,0,0,0,0
dgk-1,0.000459829714620784,0.00328793823842735,0.0025152720555083,0.000338263930438389,0.00334798593765118
dgk-2,0.000459829714620784,0.00328793823842735,0.0025152720555083,0.000338263930438389,0.00334798593765118
dgk-3,0.000459829714620784,0.00328793823842735,0.0025152720555083,0.000338263930438389,0.00334798593765118
dgk-4,0.000459829714620784,0.00328793823842735,0.0025152720555083,0.000338263930438389,0.00334798593765118
dgk-5,0.000459829714620784,0.00328793823842735,0.0025152720555083,0.000338263930438389,0.00334798593765118
dgtr-1,0,0,0,0,0
dhfr-1,1.54085376929429e-05,0.000480758122735849,0.000283308857947673,0,1
dhod-1,0,0,0,0,1
dhp-1,0.00076148023700835,0,0.00628387551089993,0.000520429738685871,0.000486829786230175
dhp-2,0.00076148023700835,0,0.00628387551089993,0.000520429738685871,0.000486829786230175
dhrs-4,7.60227266101981e-06,0.000248115014928814,0.000189038833031674,0,5.67464574614547e-05
dhs-13,7.60227266101981e-06,0.000248115014928814,0.000189038833031674,0,5.67464574614547e-05
dhs-19,7.60227266101981e-06,0.000248115014930237,0.000189038833031674,0,5.67464574614547e-05
dhs-21,0,0,0,0,0
dhs-25,0,0,0,0,0
dhs-28,0.000659027845759964,1,0.0251301648745366,4.25906441965282e-05,0
dhs-3,7.60227266101981e-06,0.000248115014930237,0.000189038833031674,0,5.67464574614547e-05
dif-1,0.00511932558622548,0.0216364185395948,0.0386808161822088,0.00263054517035501,0.000156845116485556
div-1,0,0,0,0,1
dlat-1,0.00668547694476449,0.00754734077497996,0.00235607906464901,0.00236626729448455,0.00138530195721174
dlat-2,0.00668547694476449,0.00754734077497996,0.00235607906464901,0.00236626729448455,0.00138530195721174
dld-1,1,1,1,0.0427660941432677,0.099646718675014
dlst-1,1,0.0615830773333146,0.07575030930415,0.0360821238766007,0.016947137478369
dnj-15,1,0,0,0,0
dot-1.1,0,0,0,0,0
dot-1.2,0,0,0,0,0
dot-1.3,0,0,0,0,0
dot-1.4,0,0,0,0,0
dot-1.5,0,0,0,0,0
dpm-1,0,0,1,0,0
dpm-3,0,0,1,0,0
dpy-18,0,0.000155081929677761,1,0,0
dpy-31,0,0,1,0,0
dpyd-1,0.000761480237008229,0,0.00628387551090208,0.000520429741766869,0.000534094814013445
drp-1,0,0,0,0,0
dtmk-1,0,5.8738591339014e-09,0,0,1
duox-2,0,0,0,0,0
dut-1,0,0,0,0,0
dyn-1,0,0,0,0,0
ears-1,0,0,1,1,0
ears-2,0,0,0,0,0
eat-3,0,0,0,0,0
eat-6,0,0,0,0,0
ech-1.1,1,1,1,0.00445204468885454,0.0142644613772248
ech-1.2,1,1,1,0.00445204468885454,0.0142644613772248
ech-3,1,1,1,0.00445204468885454,0.0142644613772248
ech-4,0.0016397359045142,0.00153933715078482,0.0030282526684742,0.0022801294981856,0.000156845116485398
ech-5,0.0143816953052275,0.07629373235804,0.170237342619625,1.34471391992916e-05,0
ech-6,1,1,1,0.00445204468885411,0.0142644613772248
ech-7,1,1,1,0.00445204468885454,0.0142644613772248
ech-8,1,1,1,0.00445204468885563,0.0142644613772258
ech-9,1,1,1,0.00445204468885389,0.00797959444482496
egl-8,0,2.68404051690179e-09,0,0,0
elo-1,0,1,0,0,0
elo-2,0,1,0,0,0
elo-3,0,1,0,0,0
elo-4,0,1,0,0,0
elo-5,0,1,0,0,0
elo-6,0,1,0,0,0
elo-7,0,1,0,0,0
elo-9,0,1,0,0,0
elpc-3,4.51755697721306e-06,0.0482624214469504,0.0257505873642137,0,0
emb-8,7.60227266077818e-06,0.000239805055366027,0.000141654428974253,0,5.67464574736318e-05
enol-1,0.00773651803784797,0.0563125393075259,1,0.00521781208204495,1
ethe-1,0,0,0,0,0
fah-1,0.00132457666373179,0.0248807856642572,0.0452394872753998,0,0
fard-1,0,1,0,0,0
fars-1,0,0,1,1,0
fars-2,0,0,0,0,0
fars-3,0,0,1,1,0
fasn-1,0,1,0,0,0
fat-1,1.34057037335843e-06,1,3.92290336102612e-06,7.72633458604499e-07,0
fat-2,0,1,0,0,0
fat-3,0,1,0,0,0
fat-4,8.47990269533794e-07,1,1.27884443600036e-06,2.85944012210999e-07,0
fat-5,0.000427380096744315,0.00876488073548152,0.00216145788588904,0.000781740220540854,0
fat-6,8.16874234950682e-06,1,2.72725866336666e-06,3.34602408945532e-06,0
fat-7,8.16874234950682e-06,1,2.72725866336666e-06,3.34602408945532e-06,0
fbp-1,0,0.0413037722310667,1,0,1
fce-1,0,0,0,0,0
fce-2,0,0,0,0,0
fdps-1,1,0,1,0,0
fgt-1,9.211386096085e-06,9.22489532520769e-06,1.66068866981706e-05,6.56355079881376e-05,0
flad-1,0,0,0,0,0
fmo-1,0,2.68403952057371e-09,0,0,0
fmo-2,0,2.68403952057371e-09,0,0,0
fmo-3,0,2.68403952057371e-09,0,0,0
fmo-4,0,2.68403952057371e-09,0,0,0
fmo-5,0,2.68403952057371e-09,0,0,0
fnta-1,0,0,0,0,0
fntb-1,0,0,0,0,0
folt-1,0,0,0,0,0
frh-1,1,0,0,0,0
ftn-1,1,0,0,0,0
ftn-2,1,0,0,0,0
fum-1,0.105424350325726,0.0316291595040741,0.109696019623775,0.0278245892515792,0.202577735283823
fut-8,0,0,1,0,0
gale-1,0.000120944447278395,0.00514070421929452,0.00707297600961604,0,0.00503640698845104
gana-1,0.000185927928384896,0.0078249770913113,0.0100965070154378,0,0.00755461048267664
gars-1,0,2.68404151322986e-09,1,1,0
gas-1,1,0.222926574069358,0.202160913694656,0.221882585628232,0.188452074690212
gba-1,0,1.85761357446479e-09,0,0,0
gba-2,0,1.85761357446479e-09,0,0,0
gba-3,0,1.85761357446479e-09,0,0,0
gba-4,0,1.85761357446479e-09,0,0,0
gbh-1,0,0,0,0,0
gbh-2,0,0,0,0,0
gcs-1,0,0,0,0,0
gcsh-1,0,0.0368477968579515,0.0561837277553762,0.000114283341266106,0.0738849844281091
gcsh-2,0,0.0368477968579515,0.0561837277553762,0.000114283341266106,0.0738849844281091
gcst-1,0,0.0368477968579522,0.056183727755373,0.000114283341264806,0.073884984428114
gcy-1,0,0,0,0,0
gcy-12,0,0,0,0,0
gcy-14,0,0,0,0,0
gcy-15,0,0,0,0,0
gcy-17,0,0,0,0,0
gcy-18,0,0,0,0,0
gcy-19,0,0,0,0,0
gcy-2,0,0,0,0,0
gcy-20,0,0,0,0,0
gcy-21,0,0,0,0,0
gcy-22,0,0,0,0,0
gcy-23,0,0,0,0,0
gcy-25,0,0,0,0,0
gcy-28,0,0,0,0,0
gcy-29,0,0,0,0,0
gcy-3,0,0,0,0,0
gcy-31,0,0,0,0,0
gcy-32,0,0,0,0,0
gcy-33,0,0,0,0,0
gcy-34,0,0,0,0,0
gcy-35,0,0,0,0,0
gcy-36,0,0,0,0,0
gcy-37,0,0,0,0,0
gcy-4,0,0,0,0,0
gcy-5,0,0,0,0,0
gcy-8,0,0,0,0,0
gcy-9,0,0,0,0,0
gdh-1,0.0271925748802324,0.0621670931616399,0.149950483665294,0.00700448293072533,0.0210747347356895
ger-1,0,0,1,0,0
gfat-1,0,0,1,0,0
gfat-2,0,0,1,0,0
ggtb-1,0,0,0,0,0
gld-2,0,2.6840403745692e-09,0,0,1
gld-4,0,2.6840403745692e-09,0,0,1
gldc-1,0,0.0368477968579515,0.0561837277553762,0.000114283341266106,0.0738849844281091
gln-1,0,0,1,0,1
gln-2,0,0,1,0,1
gln-3,0,0,1,0,1
gln-5,0,0,1,0,1
gln-6,0,0,1,0,1
glna-1,0,0.000569645375085965,0,0,0
glna-2,0,0.000569645375085965,0,0,0
glna-3,0,0.000569645375085965,0,0,0
glod-4,0,0,0,0,0
glp-4,0,0,1,1,0
gly-12,0,0,1,0,0
gly-13,0,0,1,0,0
gly-14,0,0,1,0,0
gly-20,0,0,1,0,0
gmd-2,0,0,1,0,0
gmps-1,0,0,0,0,1
gna-1,0,0,1,0,0
gna-2,0,0,1,0,0
gob-1,0,0,0,0,0
got-1.2,2.17759184092819e-05,0.00770642226473233,0.00443890126995235,0.000100742235921691,0.00427788299103677
got-2.1,6.94831252682099e-05,0.00292573476439557,0.00237054439745513,0,0.0127482852717645
got-2.2,6.94831252682099e-05,0.00292573476439557,0.00237054439745513,0,0.0127482852717645
gpap-1,0,1,0,0,0
gpd-1,0.0136471201092111,0.013918028929526,1,0.007843592724696,1
gpd-2,0.0136471201092111,0.013918028929526,1,0.007843592724696,1
gpd-3,0.0136471201092111,0.013918028929526,1,0.007843592724696,1
gpd-4,0.0136471201092111,0.013918028929526,1,0.007843592724696,1
gpdh-1,0.000820584001987327,0.0355639071664318,0.000318160022255837,0,0.000925708924122694
gpdh-2,0.000500702941612604,0.000174884008799202,5.32630215605561e-05,7.9751936862772e-05,0
gpi-1,0.00140224792105326,0.143497473086484,0.0323010014309745,0.00019680929237081,0.00948665805430591
gpx-1,0,1.85761300610871e-09,0,0,0
gpx-2,0,1.85761300610871e-09,0,0,0
gpx-3,0,1.85761300610871e-09,0,0,0
gpx-4,0,1.85761300610871e-09,0,0,0
gpx-5,0,1.85761300610871e-09,0,0,0
gpx-7,0,1.85761300610871e-09,0,0,0
gpx-8,0,1.85761300610871e-09,0,0,0
gspd-1,0,0.150049688897778,0.0375349925532979,0,5.04868586379899e-05
gsr-1,0,0,0,0,0
gss-1,0,0,0,0,0
gst-11,0,0,0,0,0
gst-42,0.00132457666373179,0.0248807856642572,0.0452394872753998,0,0
gst-43,0.00132457666373179,0.0248807856642572,0.0452394872753998,0,0
gsy-1,0,0,0,0,0
gta-1,0.000672842836704215,0.000313964256432485,0.00535168858466686,0.00048969761873252,0
guk-1,0,0,0,0,1
gyg-1,0,0,0,0,0
gyg-2,0,0,0,0,0
haao-1,5.64230563274753e-08,0,0.00290715297982654,0,0
hacd-1,1,1,1,0.00445204468885389,0.00797959444482496
hach-1,0.00486302649268405,0.0323364358598014,0.042666071681927,0.000606160305393953,9.0297588732645e-07
haly-1,0.000478219049563908,0.000647551387781167,0.00478153734271024,3.5126832158585e-05,0.00729011737721767
hap-1,0,0,0,0,0
hars-1,0,2.68404151322986e-09,1,1,0
hat-1,4.51755697721306e-06,0.0482624214469504,0.0257505873642137,0,0
hdl-1,0,0,0,0,0
helq-1,0,0,0,0,1
hex-1,0,0,0,0,0
hex-2,0,0,1,0,0
hex-3,0,0,1,0,0
hex-4,0,0,1,0,0
hex-5,0,0,1,0,0
hgo-1,0.00132457666373179,0.0248807856642572,0.0452394872753998,0,0
hmgr-1,1,0,1,0,0
hmgs-1,6.84958392846078e-07,0,1,0,0
hosl-1,0.000624648698560722,0.0200860246431861,0.0134739183654902,0,0
hpd-1,0.00132457666373348,0.0248807856642557,0.0452394872753998,0,0
hphd-1,0.00183848991368312,0.0046944196551233,0.00244532504118297,0.000606160305394169,0.000347580791522087
hpo-13,0,1.85761357446479e-09,0,0,0
hpo-18,1,1,1,1,1
hpo-19,0.000229739424121773,0.0370671541377256,0.00206177223739523,0.000553086907497587,5.67464574692038e-05
hpo-8,0,1,0,0,0
hprt-1,0,0,0,0,0.00942243626039158
hrg-1,1,0,0,0,0
hrg-4,1,0,0,0,0
hsd-1,0,2.68403909357596e-09,0,0,0
hsd-2,0,2.68403909357596e-09,0,0,0
hsd-3,0,2.68403909357596e-09,0,0,0
hsp-6,1,0,0,0,0
hxk-1,0.00024016844057751,0.00383163263328844,1,0,0.0045154289391195
hxk-2,0.00024016844057751,0.00383163263328844,1,0,0.0045154289391195
hxk-3,0.00024016844057751,0.00383163263328844,1,0,0.0045154289391195
hyl-1,0,1,0,0,0
hyl-2,0,1,0,0,0
iars-1,0,0,1,1,0
iars-2,0,0,0,0,0
icl-1,0.00190573664820614,0.0228765646008526,0.205108658859404,0.00152881674756981,0.0132522495629647
icmt-1,0,0,0,0,0
idh-1,0,0.00291688398346676,0.000195492745534324,0,0
idh-2,0,0,1.31295837637069e-05,0,0
idha-1,0.0127434561143654,0.0121530534868285,0.00358803674812141,0.0118953210411185,0
idhb-1,0.0127434561143654,0.0121530534868285,0.00358803674812141,0.0118953210411185,0
idhg-1,0.0127434561143654,0.0121530534868285,0.00358803674812141,0.0118953210411185,0
idhg-2,0.0127434561143654,0.0121530534868285,0.00358803674812141,0.0118953210411185,0
idi-1,1,0,1,0,0
impk-1,0,0,0,0,0
inos-1,0,1,0,0,0
inpp-1,0,0,0,0,0
ipgm-1,0.00773651803784809,0.0563125393075253,1,0.00521781208382986,1
ipla-1,1,1,1,0.00216636399272076,0.0151293969691298
ipla-2,1,1,1,0.00216636399272076,0.0151293969691298
ipla-3,1,1,1,0.00216636399272076,0.0151293969691298
ipla-4,1,1,1,0.00216636399272076,0.0151293969691298
ipla-5,1,1,1,0.00216636399272076,0.0151293969691298
ipla-6,1,1,1,0.00216636399272076,0.0151293969691298
ipla-7,1,1,1,0.00216636399272076,0.0151293969691298
ipp-5,0,0,0,0,0
isp-1,1,1,1,1,1
ivd-1,0.0143816953052275,0.07629373235804,0.170237342619625,1.34471391992916e-05,0
jhdm-1,0,0,0,0,0
kars-1,0,2.68404151322986e-09,1,1,0
kat-1,0.0386872769218431,0.0528730726768078,0.153019680437132,0.00263054517035328,0.00613110056940489
klo-1,5.91163433018161e-05,0.00243081629823696,0.0032871810449275,0,0.00252781495794221
klo-2,5.91163433018161e-05,0.00243081629823696,0.0032871810449275,0,0.00252781495794221
kmo-1,0,0,0,0,0
kmo-2,0,0,0,0,0
kynu-1,0.00010831045565446,0.00132633358658461,0.0064227443745252,0,0.00105996399063518
lagr-1,0,1,0,0,0
lap-1,0,0,0,0,0
lap-2,0,0,0,0,0
lars-1,0,0,1,1,0
lars-2,0,0,0,0,0
ldh-1,0,0,0,0,0
let-268,0,0,1,0,0
let-611,0,2.6840403745692e-09,0,0,1
let-721,1,1,1,0.00464049861483508,1
let-754,1,1,1,1,1
let-767,0,1,0,0,0
lfe-2,0,0,0,0,0
lin-46,0,0,0,0,0
lin-59,0,0,0,0,0
lis-1,0,0.0183528558804267,0,0,0
lmd-4,0,0,0,0,0
lmd-5,0,0,0,0,0
lpd-5,1,0.222926574069358,0.202160913694656,0.221882585628232,0.188452074690212
lpin-1,0,1,0,0,0
lsy-12,4.51755697721306e-06,0.0482624214469504,0.0257505873642137,0,0
mans-1,0,0,1,0,0
mans-2,0,0,1,0,0
mans-3,0,0,1,0,0
mans-4,0,0,1,0,0
maoc-1,0.000659027845759964,1,0.0251301648745366,4.25906441965282e-05,0
mars-1,0,0,1,1,0
mboa-2,0,1,0,0,0
mboa-3,6.1664732885744e-05,1,0.000620455377901921,4.97535667762727e-05,0.000123606352372488
mboa-4,6.1664732885744e-05,1,0.000620455377901921,4.97535667762727e-05,0.000123606352372488
mboa-6,6.1664732885744e-05,0.00140177353624349,0.000620455377901802,4.97535667762727e-05,0.00012360635236632
mccc-1,0.0143816953052275,0.07629373235804,0.170237342619625,1.34471391992916e-05,0
mce-1,0,2.92681205821038e-05,0.0188581858567931,0,0.0027302471026404
mcp-1,0,0,0,0,0
mdh-1,0.0510913679100118,0.0245698461391892,0.110439197898986,0.0342836942368857,0.0876522152879111
mdh-2,0.0438020499802028,0.024569846139189,0.0414513335227595,0.0341386221984015,0.0267793913270917
mecr-1,0,0,0,0,0
mel-32,0.000501592267452192,0.0172355697210145,0.0511164055164875,0.000114283341265673,0.0247635797366975
men-1,0.0010111507310563,0.0013636391502226,0.0074197811465268,0.000764053734047785,0
mes-2,0,0,0,0,0
met-1,0,0,0,0,0
met-2,0,0,0,0,0
metr-1,0,1,0,0,0
mett-10,0,0,0,0,0
mev-1,0.100573020193038,0.0226894921725425,0.0925970856409303,0.0278245892515787,0.0758499459419579
mif-1,0,0,0,0,0
mig-23,0,0,0,0,0
mlcd-1,0,0,0,0,0
mmab-1,0,0,0,0,0
mmcm-1,0,2.92681205821038e-05,0.0188581858567931,0,0.0027302471026404
moc-1,0,0,0,0,0
moc-2,0,0,0,0,0
moc-3,0,0,0,0,0
mogs-1,0,0,1,0,0
mpst-1,2.17759184080738e-05,0.00277065283471793,0.000906339341872179,0,0.000209901728931818
mpst-2,2.17759184080738e-05,0.00277065283471793,0.000906339341872179,0,0.000209901728931818
mpst-3,2.17759184080738e-05,0.00277065283471793,0.000906339341872179,0,0.000209901728931818
mpst-4,2.17759184080738e-05,0.00277065283471793,0.000906339341872179,0,0.000209901728931818
mpst-5,2.17759184080738e-05,0.00277065283471793,0.000906339341872179,0,0.000209901728931818
mpst-6,2.17759184080738e-05,0.00277065283471793,0.000906339341872179,0,0.000209901728931818
mpst-7,2.17759184080738e-05,0.00277065283471793,0.000906339341872179,0,0.000209901728931818
mrp-5,0,0,0,0,0
mthf-1,7.60227266077818e-06,1,0.000141654428974729,0,5.67464574688875e-05
mtm-1,0,0,0,0,0
mtm-3,0,2.68403909357596e-09,0,0,0
mtm-6,0,0,0,0,0
mtrr-1,0,1,0,0,0
mvk-1,1,0,1,0,0
mys-1,4.51755697721306e-06,0.0482624214469504,0.0257505873642137,0,0
mys-2,4.51755697721306e-06,0.0482624214469504,0.0257505873642137,0,0
mys-4,4.51755697721306e-06,0.0482624214469504,0.0257505873642137,0,0
nars-1,0,0,1,1,0
nars-2,0,0,0,0,0
ndfl-4,1,0.222926574069358,0.202160913694656,0.221882585628232,0.188452074690212
ndk-1,0.000459829714619938,1,1,0.341011050597321,1
nduf-2.2,1,0.222926574069358,0.202160913694656,0.221882585628232,0.188452074690212
nduf-5,1,0.222926574069358,0.202160913694656,0.221882585628232,0.188452074690212
nduf-6,1,0.222926574069358,0.202160913694656,0.221882585628232,0.188452074690212
nduf-7,1,0.222926574069358,0.202160913694656,0.221882585628232,0.188452074690212
nduo-1,1,0.222926574069358,0.202160913694656,0.221882585628232,0.188452074690212
nduo-2,1,0.222926574069358,0.202160913694656,0.221882585628232,0.188452074690212
nduo-3,1,0.222926574069358,0.202160913694656,0.221882585628232,0.188452074690212
nduo-4,1,0.222926574069358,0.202160913694656,0.221882585628232,0.188452074690212
nduo-5,1,0.222926574069358,0.202160913694656,0.221882585628232,0.188452074690212
nduo-6,1,0.222926574069358,0.202160913694656,0.221882585628232,0.188452074690212
ndx-2,0,0,0,0,0
ndx-6,0,0,0,0,0
nit-1,0,0.0343759249933892,0.0287993059967115,0,0.000209901728933083
nkat-1,0,0,0,0,0
nkb-1,0,0,0,0,0
nkb-2,0,0,0,0,0
nkb-3,0,0,0,0,0
nlt-1,0,0,0,0,0
nmat-1,0,0,0,0,0
nmat-2,0,0,0,0,0
nnt-1,0,0,0,0,0
nprt-1,0,1.85761300610871e-09,0,0,0
nsun-5,0,0,0,0,0
nuo-1,1,0.222926574069358,0.202160913694656,0.221882585628232,0.188452074690212
nuo-2,1,0.222926574069358,0.202160913694656,0.221882585628232,0.188452074690212
nuo-3,1,0.222926574069358,0.202160913694656,0.221882585628232,0.188452074690212
nuo-4,1,0.222926574069358,0.202160913694656,0.221882585628232,0.188452074690212
nuo-5,1,0.222926574069358,0.202160913694656,0.221882585628232,0.188452074690212
nuo-6,1,0.222926574069358,0.202160913694656,0.221882585628232,0.188452074690212
oatr-1,0.00255140702648439,0.00906243517062703,0.00956346122268671,0.00138877704901086,0.0115387537422588
ocrl-1,0,0,0,0,0
odc-1,0,4.15322180647888e-09,0,0,0
oga-1,4.51755697721306e-06,0.0482624214469504,0.0257505873642137,0,0
ogdh-1,1,0.0615830773333146,0.07575030930415,0.0360821238766007,0.016947137478369
ogdh-2,1,0.0615830773333146,0.07575030930415,0.0360821238766007,0.016947137478369
pacs-1,0,0,0,0,1
paf-1,0,0.0183528558804267,0,0,0
paf-2,0,0.0183528558804267,0,0,0
pah-1,0,0.0123297092956456,0.0296404552716342,0,0
pap-1,0,2.6840403745692e-09,0,0,1
parg-1,0,0,0,0,0
parg-2,0,0,0,0,0
parp-1,0,0,0,0,0
parp-2,0,0,0,0,0
pars-1,0,0,1,1,0
pars-2,0,0,0,0,0
pcaf-1,4.51755697721306e-06,0.0482624214469504,0.0257505873642137,0,0
pcbd-1,0,0,0,0,0
pcca-1,0,2.92681205825583e-05,0.0188581858567937,0,0.00273024710546431
pccb-1,0,2.92681205825583e-05,0.0188581858567937,0,0.00273024710546431
pck-1,0,0.0171035748593245,0.100070856236763,0.000735984364727683,0.0165599217633821
pck-2,0,0.0171035748593245,0.100070856236763,0.000735984364727683,0.0165599217633821
pck-3,0,0.0171035748593245,0.100070856236763,0.000735984364727683,0.0165599217633821
pcs-1,0,0,0,0,0
pcyt-1,0,1,0,0,0
pde-1,0,0,0,0,0
pde-2,0,0,0,0,0
pde-3,0,0,0,0,0
pde-4,0,0,0,0,0
pde-5,0,0,0,0,0
pde-6,0,0,0,0,0
pdha-1,0.00668547694476449,0.00754734077497996,0.00235607906464901,0.00236626729448455,0.00138530195721174
pdhb-1,0.00668547694476449,0.00754734077497996,0.00235607906464901,0.00236626729448455,0.00138530195721174
pdi-1,0,0,1,0,0
pdi-2,0,0,1,0,0
pdi-3,0,0,1,0,0
pdi-6,0,0,1,0,0
pdxk-1,0,3.26419465114506e-06,0,0,0
pfk-1.1,0.00355808601809965,0,0.00106955682655345,0,0
pfk-1.2,0.00355808601809965,0,0.00106955682655345,0,0
pfkb-1.1,0,4.54483948241228e-09,0,0,0
pfkb-1.2,0,4.54483948241228e-09,0,0,0
pges-2,0,0,0,0,0
pgk-1,0.0136471201092111,0.013918028929526,1,0.007843592724696,1
pgs-1,0,1,0,0,0
pho-1,1.37088611663105e-06,0.000264518108780128,0.000258767315465972,0,0.00149983764395665
pho-10,1.37088611663105e-06,0.000264518108780128,0.000258767315465972,0,0.00149983764395665
pho-11,1.37088611663105e-06,0.000264518108780128,0.000258767315465972,0,0.00149983764395665
pho-12,1.37088611663105e-06,0.000264518108780128,0.000258767315465972,0,0.00149983764395665
pho-14,1.37088611663105e-06,0.000264518108780128,0.000258767315465972,0,0.00149983764395665
pho-4,1.37088611663105e-06,0.000264518108780128,0.000258767315465972,0,0.00149983764395665
pho-5,1.37088611663105e-06,0.000264518108780128,0.000258767315465972,0,0.00149983764395665
pho-6,1.37088611663105e-06,0.000264518108780128,0.000258767315465972,0,0.00149983764395665
pho-7,1.37088611663105e-06,0.000264518108780128,0.000258767315465972,0,0.00149983764395665
pho-8,1.37088611663105e-06,0.000264518108780128,0.000258767315465972,0,0.00149983764395665
pho-9,1.37088611663105e-06,0.000264518108780128,0.000258767315465972,0,0.00149983764395665
phy-2,0,0.000155081929677761,1,0,0
phy-3,0,0.000155081929677761,1,0,0
phy-4,0,0.000155081929677761,1,0,0
pifk-1,0,0,0,0,0
piga-1,0,0,0,0,0
piki-1,0,0,0,0,0
pisy-1,0,1,0,0,0
plc-1,0,2.68404051690179e-09,0,0,0
plc-2,0,2.68404051690179e-09,0,0,0
plc-3,0,2.68404051690179e-09,0,0,0
plc-4,0,2.68404051690179e-09,0,0,0
pld-1,0.000459829714621147,0.00536211071096646,0.00251527205550699,0.00033826393043969,0.00334798593765261
pmt-1,0,1,0.000111592315752648,0,0
pmt-2,0,1,0.000111592315752648,0,0
pnc-1,0,0,0,0,0
pnc-2,0,0,0,0,0
png-1,0,0.000211456042220467,0.00180458909330864,0,0
pnk-1,0,1,0,0,0
pnk-4,0,1,0,0,0
pod-2,0,1,0,0,0
pole-1,0,0,0,0,1
pole-2,0,0,0,0,1
polg-1,0,0,0,0,1
polh-1,0,0,0,0,1
polk-1,0,0,0,0,1
polq-1,0,0,0,0,1
ppat-1,0,0,0,0,1
ppk-1,0,0,0,0,0
ppk-2,0,0,0,0,0
ppk-3,0,0,0,0,0
pps-1,0,0,0,0,0
ppt-1,0,0,0,0,0
prdx-2,0,0,0,0,0
prdx-3,0,0,0,0,0
prdx-6,0,3.95058798691938e-05,0,0,0
pri-1,0,0,0,0,1
pri-2,0,0,0,0,1
prx-10,0,0,0,0,0
psd-1,0,0.0296420547788816,0,0,0
pssy-1,2.5933627021042e-05,1,3.37960223488462e-05,2.67347332316639e-05,4.93068088700058e-05
pstk-1,0,0,0,0,0
ptps-1,0,0,0,0,0
pus-1,0,0,0,0,0
pyc-1,0,1.85761456908792e-09,0,0,0
pyk-1,0.00228864235438164,0.00489015776498756,0.000822951254754853,0.00149380459527559,0
pyk-2,0.00228864235438164,0.00489015776498756,0.000822951254754853,0.00149380459527559,0
pyp-1,1,1,1,1,1
pyr-1,0,0,0,0,1
qars-1,0,0,1,1,0
qdpr-1,8.34426304222582e-08,0.0130851095171147,0.0305323069722743,0,0
qns-1,0,0,0,0,0
rars-1,0,0,1,1,0
rars-2,0,0,0,0,0
rft-1,0,0,0,0,0
rft-2,0,0,0,0,0
rnr-1,1.96586710905442e-08,0,0,0,1
rnr-2,1.96586710905442e-08,0,0,0,1
rpac-19,0,2.6840403745692e-09,0,0,1
rpac-40,0,2.6840403745692e-09,0,0,1
rpb-10,0,2.6840403745692e-09,0,0,1
rpb-11,0,2.6840403745692e-09,0,0,1
rpb-12,0,2.6840403745692e-09,0,0,1
rpb-2,0,2.6840403745692e-09,0,0,1
rpb-3,0,2.6840403745692e-09,0,0,1
rpb-4,0,2.6840403745692e-09,0,0,1
rpb-5,0,2.6840403745692e-09,0,0,1
rpb-6,0,2.6840403745692e-09,0,0,1
rpb-7,0,2.6840403745692e-09,0,0,1
rpb-8,0,2.6840403745692e-09,0,0,1
rpb-9,0,2.6840403745692e-09,0,0,1
rpc-1,0,2.6840403745692e-09,0,0,1
rpc-11,0,2.6840403745692e-09,0,0,1
rpc-2,0,2.6840403745692e-09,0,0,1
rpc-25,0,2.6840403745692e-09,0,0,1
rpia-1,0.000623180222083162,0.091883634889787,0.0384068059483829,0.00117770243651042,1
rpoa-1,0,2.6840403745692e-09,0,0,1
rpoa-12,0,2.6840403745692e-09,0,0,1
rpoa-2,0,2.6840403745692e-09,0,0,1
rpom-1,0,2.6840403745692e-09,0,0,1
sams-1,0,1,1,0,0
sams-3,0,1,1,0,0
sams-4,0,1,1,0,0
sams-5,0,1,1,0,0
sars-1,0,0,1,1,0
sars-2,0,0,0,0,0
sdha-1,0.100573020193038,0.0226894921725425,0.0925970856409303,0.0278245892515787,0.0758499459419579
sdha-2,0.100573020193038,0.0226894921725425,0.0925970856409303,0.0278245892515787,0.0758499459419579
sdhb-1,0.100573020193038,0.0226894921725425,0.0925970856409303,0.0278245892515787,0.0758499459419579
sdhd-1,0.100573020193038,0.0226894921725425,0.0925970856409303,0.0278245892515787,0.0758499459419579
secs-1,0,0,0,0,0
seld-1,0,0,0,0,0
set-1,0,0,0,0,0
set-11,0,0,0,0,0
set-12,0,0,0,0,0
set-13,0,0,0,0,0
set-15,0,0,0,0,0
set-16,0,0,0,0,0
set-2,0,0,0,0,0
set-21,0,0,0,0,0
set-23,0,0,0,0,0
set-32,0,0,0,0,0
set-33,0,0,0,0,0
set-4,0,0,0,0,0
set-6,0,0,0,0,0
sir-2.1,4.51755697697144e-06,0.0482624214469522,0.025750587364213,0,0
sir-2.2,4.51755697697144e-06,0.0482624214469522,0.025750587364213,0,0
sir-2.3,4.51755697697144e-06,0.0482624214469522,0.025750587364213,0,0
sir-2.4,4.51755697697144e-06,0.0482624214469522,0.025750587364213,0,0
slc-25A29,0.00511932558622548,0.0216364185395948,0.0386808161822088,0.00263054517035501,0.000156845116485556
smd-1,0,0,0,0,0
sms-1,0,1,0,0,0
sms-2,0,1,0,0,0
sms-3,0,1,0,0,0
sod-1,0,0,0,0,0
sod-2,0,0,0,0,0
sod-3,0,0,0,0,0
sod-4,0,0,0,0,0
sod-5,0,0,0,0,0
sodh-1,7.60227266077818e-06,0.000248115014930664,0.000189038833033341,0,0.000237472536458965
sodh-2,7.60227266077818e-06,0.000248115014930664,0.000189038833033341,0,0.000237472536458965
spds-1,0,0,0,0,0
spe-5,0,0,0,0,0
sphk-1,0,0,0,0,0
spl-1,0,0,0,0,0
sptl-1,0,1,0,0,0
sptl-2,0,1,0,0,0
sptl-3,0,1,0,0,0
sqrd-1,0,0,0,0,0
sqv-1,0,0,0,0,0
sqv-4,0,0,0,0,0
stt-3,0,0,1,0,0
suca-1,0.0443287217947592,0.0368042288886599,0.021307198637472,0.0360809551381505,0.0179645869516568
sucg-1,0,1.85761300610871e-09,0,0,0
sucl-1,0.0443287217947566,0.0368042288886592,0.0213071986374722,0.0360809551363238,0.017964586951655
sucl-2,0.0443287217947566,0.0368042288886592,0.0213071986374722,0.0360809551363238,0.017964586951655
suox-1,0,2.68404051690179e-09,0,0,0
sup-18,0,0.000166929418068903,4.01031203830345e-05,0,1.94423265319096e-05
sur-5,0,0.0146289197802463,0.0178093681049605,0,0
tag-174,1,1,1,1,1
tag-179,0,0,1,0,0
tag-335,0,0,1,0,0
tag-38,0,0,0,0,0
tag-96,0.000120944447278757,0.00514070421929504,0.00707297600961553,0,0.0050364069884499
tald-1,9.21138609620572e-06,0.0477913264325306,0.011943755316373,0.000166804556016453,0.0890788002800344
tank-1,0,0,0,0,0
tars-1,0,2.68404151322986e-09,1,1,0
tatn-1,0,0.00137035489651839,0.0013850786216737,0,0.00395361176498422
tbh-1,0,0,0,0,0
tdc-1,0,0,0,0,0
tdo-2,0.000108310455654823,0.00132633358658435,0.00650700448196981,0,0.00172372784884597
thk-1,0,0,0,0,0.030612150682408
tkt-1,0.00118614111304052,0.175313871030241,0.0488566188171038,0.00203524754642542,0.0890788002800292
tph-1,0,0,0,0,0
tpi-1,0.00411446541254901,0.0925857365569187,1,0.00151557212848117,1
tpk-1,0,0,0,0,0
tps-1,0,0,0,0,0
tps-2,0,0,0,0,0
tre-1,6.44296985223785e-05,0.00245380053982244,0.00330946203981029,0,0.00255664934909712
tre-2,6.44296985223785e-05,0.00245380053982244,0.00330946203981029,0,0.00255664934909712
tre-3,6.44296985223785e-05,0.00245380053982244,0.00330946203981029,0,0.00255664934909712
tre-4,6.44296985223785e-05,0.00245380053982244,0.00330946203981029,0,0.00255664934909712
tre-5,6.44296985223785e-05,0.00245380053982244,0.00330946203981029,0,0.00255664934909712
trxr-1,1.10889649106603e-06,1.60208115541966e-05,1.27688499359961e-05,0,1
trxr-2,0,0,0,0,0
ttm-5,0,1,0,0,0
ttx-7,0,1,0,0,0
tyms-1,0,0,0,0,1
tyr-1,0,0,0,0,0
tyr-2,0,0,0,0,0
tyr-3,0,0,0,0,0
tyr-4,0,0,0,0,0
tyr-5,0,0,0,0,0
tyr-6,0,0,0,0,0
ucp-4,0,0,0,0,0
ucr-11,1,1,1,1,1
ucr-2.1,1,1,1,1,1
ucr-2.2,1,1,1,1,1
ucr-2.3,1,1,1,1,1
uda-1,0,0,0,0,0
ugt-1,0,0,0,0,0
ugt-10,0,0,0,0,0
ugt-11,0,0,0,0,0
ugt-12,0,0,0,0,0
ugt-13,0,0,0,0,0
ugt-14,0,0,0,0,0
ugt-15,0,0,0,0,0
ugt-16,0,0,0,0,0
ugt-17,0,0,0,0,0
ugt-18,0,0,0,0,0
ugt-19,0,0,0,0,0
ugt-2,0,0,0,0,0
ugt-20,0,0,0,0,0
ugt-21,0,0,0,0,0
ugt-22,0,0,0,0,0
ugt-23,0,0,0,0,0
ugt-24,0,0,0,0,0
ugt-25,0,0,0,0,0
ugt-26,0,0,0,0,0
ugt-27,0,0,0,0,0
ugt-29,0,0,0,0,0
ugt-3,0,0,0,0,0
ugt-30,0,0,0,0,0
ugt-31,0,0,0,0,0
ugt-32,0,0,0,0,0
ugt-33,0,0,0,0,0
ugt-34,0,0,0,0,0
ugt-35,0,0,0,0,0
ugt-36,0,0,0,0,0
ugt-37,0,0,0,0,0
ugt-38,0,0,0,0,0
ugt-39,0,0,0,0,0
ugt-4,0,0,0,0,0
ugt-40,0,0,0,0,0
ugt-41,0,0,0,0,0
ugt-42,0,0,0,0,0
ugt-43,0,0,0,0,0
ugt-44,0,0,0,0,0
ugt-45,0,0,0,0,0
ugt-46,0,0,0,0,0
ugt-47,0,0,0,0,0
ugt-48,0,0,0,0,0
ugt-49,0,0,0,0,0
ugt-5,0,0,0,0,0
ugt-50,0,0,0,0,0
ugt-51,0,0,0,0,0
ugt-52,0,0,0,0,0
ugt-53,0,0,0,0,0
ugt-54,0,0,0,0,0
ugt-55,0,0,0,0,0
ugt-56,0,0,0,0,0
ugt-58,0,0,0,0,0
ugt-59,0,0,0,0,0
ugt-6,0,0,0,0,0
ugt-60,0,0,0,0,0
ugt-61,0,0,0,0,0
ugt-62,0,0,0,0,0
ugt-63,0,0,0,0,0
ugt-64,0,0,0,0,0
ugt-65,0,0,0,0,0
ugt-7,0,0,0,0,0
ugt-8,0,0,0,0,0
ugt-9,0,0,0,0,0
umps-1,0,0,0,0,1
unc-17,0,0,0,0,0
unc-25,1.32068903694499e-05,0.000313964256432616,7.97174057634342e-05,0,0
unc-26,0,0,0,0,0
unc-32,0,0,0,0,0
upb-1,0.000755072610503015,0,0.00628387551090458,0.000520429741766869,0.000463197272328788
upp-1,0.0025295685996067,0.00934550776818616,0.0116126933566553,0.00293365256053863,0.0306121506824082
vars-1,0,0,0,0,0
vha-1,0,0,0,0,0
vha-10,0,0,0,0,0
vha-11,0,0,0,0,0
vha-12,0,0,0,0,0
vha-13,0,0,0,0,0
vha-14,0,0,0,0,0
vha-15,0,0,0,0,0
vha-17,0,0,0,0,0
vha-18,0,0,0,0,0
vha-19,0,0,0,0,0
vha-2,0,0,0,0,0
vha-3,0,0,0,0,0
vha-4,0,0,0,0,0
vha-5,0,0,0,0,0
vha-6,0,0,0,0,0
vha-7,0,0,0,0,0
vha-8,0,0,0,0,0
vha-9,0,0,0,0,0
vps-34,0,0,0,0,0
wars-1,0,0,1,1,0
xdh-1,0,2.68403895124338e-09,0,0,0
yars-1,0,0,1,1,0
yars-2,0,2.68404151322986e-09,1,1,0
